quarter_start	company_ticker	revenue
2000-01-01	AAPL	1945
2000-04-01	AAPL	1825
2000-07-01	AAPL	1870
2000-10-01	AAPL	1007
2001-01-01	AAPL	1431
2001-04-01	AAPL	1475
2001-07-01	AAPL	1450
2001-10-01	AAPL	1375
2002-01-01	AAPL	1495
2002-04-01	AAPL	1429
2002-07-01	AAPL	1443
2002-10-01	AAPL	1472
2003-01-01	AAPL	1475
2003-04-01	AAPL	1545
2003-07-01	AAPL	1715
2003-10-01	AAPL	2006
2004-01-01	AAPL	1909
2004-04-01	AAPL	2014
2004-07-01	AAPL	2350
2004-10-01	AAPL	3490
2005-01-01	AAPL	3243
2005-04-01	AAPL	3520
2005-07-01	AAPL	3678
2005-10-01	AAPL	5749
2006-01-01	AAPL	4359
2006-04-01	AAPL	4370
2006-07-01	AAPL	4837
2006-10-01	AAPL	7115
2007-01-01	AAPL	5264
2007-04-01	AAPL	5410
2007-07-01	AAPL	6217
2007-10-01	AAPL	9608
2008-01-01	AAPL	7512
2008-04-01	AAPL	7464
2008-07-01	AAPL	12907
2008-10-01	AAPL	11880
2009-01-01	AAPL	9084
2009-04-01	AAPL	9734
2009-07-01	AAPL	12207
2009-10-01	AAPL	15683
2010-01-01	AAPL	13499
2010-04-01	AAPL	15700
2010-07-01	AAPL	20343
2010-10-01	AAPL	26741
2011-01-01	AAPL	24667
2011-04-01	AAPL	28571
2011-07-01	AAPL	28270
2011-10-01	AAPL	46333
2012-01-01	AAPL	39186
2012-04-01	AAPL	35023
2012-07-01	AAPL	35966
2012-10-01	AAPL	54512
2013-01-01	AAPL	43603
2013-04-01	AAPL	35323
2013-07-01	AAPL	37472
2013-10-01	AAPL	57594
2014-01-01	AAPL	45646
2014-04-01	AAPL	37432
2014-07-01	AAPL	42123
2014-10-01	AAPL	74599
2015-01-01	AAPL	58010
2015-04-01	AAPL	49605
2000-01-01	AXP	5358
2000-04-01	AXP	5625
2000-07-01	AXP	5629
2000-10-01	AXP	5709
2001-01-01	AXP	5358
2001-04-01	AXP	4856
2001-07-01	AXP	5339
2001-10-01	AXP	5529
2002-01-01	AXP	5488
2002-04-01	AXP	5668
2002-07-01	AXP	5643
2002-10-01	AXP	5926
2003-01-01	AXP	5793
2003-04-01	AXP	6125
2003-07-01	AXP	6180
2003-10-01	AXP	6863
2004-01-01	AXP	6707
2004-04-01	AXP	7048
2004-07-01	AXP	5275
2004-10-01	AXP	5614
2005-01-01	AXP	5439
2005-04-01	AXP	5788
2005-07-01	AXP	5790
2005-10-01	AXP	5408
2006-01-01	AXP	6053
2006-04-01	AXP	6142
2006-07-01	AXP	6265
2006-10-01	AXP	6347
2007-01-01	AXP	6484
2007-04-01	AXP	7130
2007-07-01	AXP	6945
2007-10-01	AXP	7192
2008-01-01	AXP	7240
2008-04-01	AXP	7455
2008-07-01	AXP	7164
2008-10-01	AXP	6506
2009-01-01	AXP	5926
2009-04-01	AXP	11443
2009-07-01	AXP	6016
2009-10-01	AXP	6489
2010-01-01	AXP	6560
2010-04-01	AXP	6805
2010-07-01	AXP	6973
2010-10-01	AXP	7244
2011-01-01	AXP	7031
2011-04-01	AXP	7618
2011-07-01	AXP	7571
2011-10-01	AXP	7742
2012-01-01	AXP	7587
2012-04-01	AXP	7965
2012-07-01	AXP	7862
2012-10-01	AXP	8141
2013-01-01	AXP	7881
2013-04-01	AXP	8245
2013-07-01	AXP	8301
2013-10-01	AXP	8547
2014-01-01	AXP	8173
2014-04-01	AXP	8657
2014-07-01	AXP	8329
2014-10-01	AXP	9107
2015-01-01	AXP	7950
2015-04-01	AXP	8284
2000-01-01	BA	9910
2000-04-01	BA	14841
2000-07-01	BA	11877
2000-10-01	BA	14693
2001-01-01	BA	13293
2001-04-01	BA	15516
2001-07-01	BA	13687
2001-10-01	BA	15702
2002-01-01	BA	13821
2002-04-01	BA	13857
2002-07-01	BA	12690
2002-10-01	BA	13693
2003-01-01	BA	12258
2003-04-01	BA	12717
2003-07-01	BA	12184
2003-10-01	BA	13156
2004-01-01	BA	12903
2004-04-01	BA	13088
2004-07-01	BA	13152
2004-10-01	BA	13314
2005-01-01	BA	12681
2005-04-01	BA	14684
2005-07-01	BA	12355
2005-10-01	BA	13901
2006-01-01	BA	14264
2006-04-01	BA	14986
2006-07-01	BA	14739
2006-10-01	BA	17541
2007-01-01	BA	15365
2007-04-01	BA	17028
2007-07-01	BA	16517
2007-10-01	BA	17477
2008-01-01	BA	15990
2008-04-01	BA	16962
2008-07-01	BA	15293
2008-10-01	BA	12664
2009-01-01	BA	16502
2009-04-01	BA	17154
2009-07-01	BA	16688
2009-10-01	BA	17937
2010-01-01	BA	15216
2010-04-01	BA	15573
2010-07-01	BA	16967
2010-10-01	BA	16550
2011-01-01	BA	14910
2011-04-01	BA	16543
2011-07-01	BA	17727
2011-10-01	BA	19555
2012-01-01	BA	19383
2012-04-01	BA	20005
2012-07-01	BA	20008
2012-10-01	BA	22302
2013-01-01	BA	18893
2013-04-01	BA	21815
2013-07-01	BA	22130
2013-10-01	BA	23785
2014-01-01	BA	20465
2014-04-01	BA	22045
2014-07-01	BA	23784
2014-10-01	BA	24468
2015-01-01	BA	22149
2015-04-01	BA	24543
2000-01-01	CAT	4919
2000-04-01	CAT	5363
2000-07-01	CAT	4779
2000-10-01	CAT	5114
2001-01-01	CAT	4810
2001-04-01	CAT	5488
2001-07-01	CAT	5056
2001-10-01	CAT	5096
2002-01-01	CAT	4409
2002-04-01	CAT	5291
2002-07-01	CAT	5075
2002-10-01	CAT	5377
2003-01-01	CAT	4821
2003-04-01	CAT	5932
2003-07-01	CAT	5545
2003-10-01	CAT	6509
2004-01-01	CAT	6480
2004-04-01	CAT	7583
2004-07-01	CAT	7659
2004-10-01	CAT	8584
2005-01-01	CAT	8339
2005-04-01	CAT	9360
2005-07-01	CAT	8977
2005-10-01	CAT	9663
2006-01-01	CAT	9392
2006-04-01	CAT	10605
2006-07-01	CAT	10517
2006-10-01	CAT	11003
2007-01-01	CAT	10016
2007-04-01	CAT	11356
2007-07-01	CAT	11442
2007-10-01	CAT	12144
2008-01-01	CAT	11796
2008-04-01	CAT	13624
2008-07-01	CAT	12981
2008-10-01	CAT	12923
2009-01-01	CAT	9225
2009-04-01	CAT	7975
2009-07-01	CAT	7298
2009-10-01	CAT	7898
2010-01-01	CAT	8238
2010-04-01	CAT	10409
2010-07-01	CAT	11134
2010-10-01	CAT	12807
2011-01-01	CAT	12949
2011-04-01	CAT	14230
2011-07-01	CAT	15716
2011-10-01	CAT	17243
2012-01-01	CAT	15981
2012-04-01	CAT	17374
2012-07-01	CAT	16445
2012-10-01	CAT	16075
2013-01-01	CAT	13210
2013-04-01	CAT	14621
2013-07-01	CAT	13423
2013-10-01	CAT	14402
2014-01-01	CAT	13241
2014-04-01	CAT	14150
2014-07-01	CAT	13549
2014-10-01	CAT	14244
2015-01-01	CAT	12702
2015-04-01	CAT	12317
2000-01-01	CSCO	4357
2000-04-01	CSCO	4933
2000-07-01	CSCO	5720
2000-10-01	CSCO	6519
2001-01-01	CSCO	6748
2001-04-01	CSCO	4728
2001-07-01	CSCO	4298
2001-10-01	CSCO	4448
2002-01-01	CSCO	4816
2002-04-01	CSCO	4822
2002-07-01	CSCO	4829
2002-10-01	CSCO	4845
2003-01-01	CSCO	4713
2003-04-01	CSCO	4618
2003-07-01	CSCO	4702
2003-10-01	CSCO	5101
2004-01-01	CSCO	5398
2004-04-01	CSCO	5620
2004-07-01	CSCO	5926
2004-10-01	CSCO	5971
2005-01-01	CSCO	6062
2005-04-01	CSCO	6187
2005-07-01	CSCO	6581
2005-10-01	CSCO	6550
2006-01-01	CSCO	6628
2006-04-01	CSCO	7322
2006-07-01	CSCO	7984
2006-10-01	CSCO	8184
2007-01-01	CSCO	8439
2007-04-01	CSCO	8866
2007-07-01	CSCO	9433
2007-10-01	CSCO	9554
2008-01-01	CSCO	9831
2008-04-01	CSCO	9791
2008-07-01	CSCO	10364
2008-10-01	CSCO	10331
2009-01-01	CSCO	9089
2009-04-01	CSCO	8162
2009-07-01	CSCO	8535
2009-10-01	CSCO	9021
2010-01-01	CSCO	9815
2010-04-01	CSCO	10368
2010-07-01	CSCO	10836
2010-10-01	CSCO	10750
2011-01-01	CSCO	10407
2011-04-01	CSCO	10866
2011-07-01	CSCO	11195
2011-10-01	CSCO	11256
2012-01-01	CSCO	11527
2012-04-01	CSCO	11588
2012-07-01	CSCO	11690
2012-10-01	CSCO	11876
2013-01-01	CSCO	12098
2013-04-01	CSCO	12216
2013-07-01	CSCO	12417
2013-10-01	CSCO	12085
2014-01-01	CSCO	11155
2014-04-01	CSCO	11545
2014-07-01	CSCO	12357
2014-10-01	CSCO	12245
2015-01-01	CSCO	11936
2015-04-01	CSCO	12137
2000-01-01	CVX	11727
2000-04-01	CVX	13224
2000-07-01	CVX	13621
2000-10-01	CVX	80558
2001-01-01	CVX	12298
2001-04-01	CVX	13006
2001-07-01	CVX	11909
2001-10-01	CVX	69032
2002-01-01	CVX	20844
2002-04-01	CVX	25333
2002-07-01	CVX	25681
2002-10-01	CVX	26682
2003-01-01	CVX	30762
2003-04-01	CVX	29361
2003-07-01	CVX	29526
2003-10-01	CVX	35671
2004-01-01	CVX	33645
2004-04-01	CVX	35275
2004-07-01	CVX	38680
2004-10-01	CVX	48510
2005-01-01	CVX	41607
2005-04-01	CVX	48343
2005-07-01	CVX	54456
2005-10-01	CVX	53794
2006-01-01	CVX	54624
2006-04-01	CVX	53536
2006-07-01	CVX	54212
2006-10-01	CVX	47746
2007-01-01	CVX	48227
2007-04-01	CVX	56094
2007-07-01	CVX	55173
2007-10-01	CVX	61410
2008-01-01	CVX	65946
2008-04-01	CVX	82989
2008-07-01	CVX	78867
2008-10-01	CVX	45203
2009-01-01	CVX	36130
2009-04-01	CVX	40205
2009-07-01	CVX	46625
2009-10-01	CVX	48676
2010-01-01	CVX	48179
2010-04-01	CVX	53004
2010-07-01	CVX	49718
2010-10-01	CVX	54027
2011-01-01	CVX	60341
2011-04-01	CVX	68948
2011-07-01	CVX	64432
2011-10-01	CVX	59985
2012-01-01	CVX	60705
2012-04-01	CVX	62608
2012-07-01	CVX	58044
2012-10-01	CVX	60552
2013-01-01	CVX	56818
2013-04-01	CVX	57369
2013-07-01	CVX	58503
2013-10-01	CVX	56158
2014-01-01	CVX	53265
2014-04-01	CVX	57938
2014-07-01	CVX	54679
2014-10-01	CVX	46088
2015-01-01	CVX	34558
2015-04-01	CVX	40357
2000-01-01	DD	7941
2000-04-01	DD	7914
2000-07-01	DD	6445
2000-10-01	DD	7250
2001-01-01	DD	7029
2001-04-01	DD	7213
2001-07-01	DD	5776
2001-10-01	DD	5352
2002-01-01	DD	6199
2002-04-01	DD	6725
2002-07-01	DD	5737
2002-10-01	DD	5861
2003-01-01	DD	7186
2003-04-01	DD	7515
2003-07-01	DD	6361
2003-10-01	DD	6668
2004-01-01	DD	8205
2004-04-01	DD	7732
2004-07-01	DD	6027
2004-10-01	DD	6031
2005-01-01	DD	7826
2005-04-01	DD	8122
2005-07-01	DD	6308
2005-10-01	DD	6235
2006-01-01	DD	7664
2006-04-01	DD	7838
2006-07-01	DD	6309
2006-10-01	DD	7837
2007-01-01	DD	7845
2007-04-01	DD	7875
2007-07-01	DD	6675
2007-10-01	DD	6983
2008-01-01	DD	8770
2008-04-01	DD	9279
2008-07-01	DD	7717
2008-10-01	DD	6070
2009-01-01	DD	7270
2009-04-01	DD	7088
2009-07-01	DD	6156
2009-10-01	DD	6814
2010-01-01	DD	8844
2010-04-01	DD	9080
2010-07-01	DD	7067
2010-10-01	DD	7742
2011-01-01	DD	10059
2011-04-01	DD	10493
2011-07-01	DD	8303
2011-10-01	DD	7681
2012-01-01	DD	10194
2012-04-01	DD	10208
2012-07-01	DD	7336
2012-10-01	DD	7572
2013-01-01	DD	10500
2013-04-01	DD	10003
2013-07-01	DD	7805
2013-10-01	DD	7836
2014-01-01	DD	10145
2014-04-01	DD	10114
2014-07-01	DD	7868
2014-10-01	DD	7919
2015-01-01	DD	9370
2015-04-01	DD	8878
2000-01-01	DIS	6307
2000-04-01	DIS	6053
2000-07-01	DIS	6118
2000-10-01	DIS	7433
2001-01-01	DIS	6049
2001-04-01	DIS	5960
2001-07-01	DIS	5786
2001-10-01	DIS	7016
2002-01-01	DIS	5856
2002-04-01	DIS	5795
2002-07-01	DIS	6662
2002-10-01	DIS	7170
2003-01-01	DIS	6500
2003-04-01	DIS	6377
2003-07-01	DIS	7014
2003-10-01	DIS	8549
2004-01-01	DIS	7189
2004-04-01	DIS	7471
2004-07-01	DIS	7543
2004-10-01	DIS	8666
2005-01-01	DIS	7829
2005-04-01	DIS	7715
2005-07-01	DIS	7164
2005-10-01	DIS	8854
2006-01-01	DIS	8027
2006-04-01	DIS	8474
2006-07-01	DIS	8652
2006-10-01	DIS	9581
2007-01-01	DIS	7954
2007-04-01	DIS	9045
2007-07-01	DIS	8930
2007-10-01	DIS	10452
2008-01-01	DIS	8710
2008-04-01	DIS	9236
2008-07-01	DIS	9445
2008-10-01	DIS	9599
2009-01-01	DIS	8087
2009-04-01	DIS	8596
2009-07-01	DIS	9867
2009-10-01	DIS	9739
2010-01-01	DIS	8580
2010-04-01	DIS	10002
2010-07-01	DIS	9742
2010-10-01	DIS	10716
2011-01-01	DIS	9077
2011-04-01	DIS	10675
2011-07-01	DIS	10425
2011-10-01	DIS	10779
2012-01-01	DIS	9629
2012-04-01	DIS	11088
2012-07-01	DIS	10782
2012-10-01	DIS	11341
2013-01-01	DIS	10554
2013-04-01	DIS	11578
2013-07-01	DIS	11568
2013-10-01	DIS	12309
2014-01-01	DIS	11649
2014-04-01	DIS	12466
2014-07-01	DIS	12389
2014-10-01	DIS	13391
2015-01-01	DIS	12461
2015-04-01	DIS	13101
2000-01-01	GE	29996
2000-04-01	GE	32862
2000-07-01	GE	32014
2000-10-01	GE	34981
2001-01-01	GE	30493
2001-04-01	GE	31977
2001-07-01	GE	29468
2001-10-01	GE	33975
2002-01-01	GE	30521
2002-04-01	GE	33332
2002-07-01	GE	32719
2002-10-01	GE	35513
2003-01-01	GE	30456
2003-04-01	GE	33373
2003-07-01	GE	33394
2003-10-01	GE	36964
2004-01-01	GE	33592
2004-04-01	GE	36781
2004-07-01	GE	38336
2004-10-01	GE	25772
2005-01-01	GE	34350
2005-04-01	GE	36539
2005-07-01	GE	36368
2005-10-01	GE	40699
2006-01-01	GE	38029
2006-04-01	GE	37745
2006-07-01	GE	37874
2006-10-01	GE	41304
2007-01-01	GE	39200
2007-04-01	GE	42384
2007-07-01	GE	42512
2007-10-01	GE	48533
2008-01-01	GE	42228
2008-04-01	GE	46840
2008-07-01	GE	47234
2008-10-01	GE	46213
2009-01-01	GE	38438
2009-04-01	GE	39108
2009-07-01	GE	37799
2009-10-01	GE	39933
2010-01-01	GE	36204
2010-04-01	GE	36928
2010-07-01	GE	35373
2010-10-01	GE	41225
2011-01-01	GE	38329
2011-04-01	GE	35623
2011-07-01	GE	35364
2011-10-01	GE	37972
2012-01-01	GE	35080
2012-04-01	GE	36397
2012-07-01	GE	36254
2012-10-01	GE	38953
2013-01-01	GE	34943
2013-04-01	GE	35059
2013-07-01	GE	35661
2013-10-01	GE	40382
2014-01-01	GE	33548
2014-04-01	GE	36233
2014-07-01	GE	36174
2014-10-01	GE	42004
2015-01-01	GE	29356
2015-04-01	GE	32754
2000-01-01	GS	4493
2000-04-01	GS	4155
2000-07-01	GS	4527
2000-10-01	GS	3415
2001-01-01	GS	4733
2001-04-01	GS	3990
2001-07-01	GS	3661
2001-10-01	GS	3427
2002-01-01	GS	3598
2002-04-01	GS	3851
2002-07-01	GS	3649
2002-10-01	GS	2888
2003-01-01	GS	4187
2003-04-01	GS	3985
2003-07-01	GS	3793
2003-10-01	GS	4058
2004-01-01	GS	6032
2004-04-01	GS	5638
2004-07-01	GS	4647
2004-10-01	GS	4634
2005-01-01	GS	6515
2005-04-01	GS	4927
2005-07-01	GS	7393
2005-10-01	GS	6403
2006-01-01	GS	10433
2006-04-01	GS	10241
2006-07-01	GS	7584
2006-10-01	GS	9407
2007-01-01	GS	12730
2007-04-01	GS	10182
2007-07-01	GS	12334
2007-10-01	GS	10741
2008-01-01	GS	8335
2008-04-01	GS	9422
2008-07-01	GS	6043
2008-10-01	GS	-1578
2009-01-01	GS	9425
2009-04-01	GS	13761
2009-07-01	GS	12372
2009-10-01	GS	9615
2010-01-01	GS	12775
2010-04-01	GS	8841
2010-07-01	GS	8903
2010-10-01	GS	8642
2011-01-01	GS	11894
2011-04-01	GS	7281
2011-07-01	GS	3587
2011-10-01	GS	6049
2012-01-01	GS	9949
2012-04-01	GS	6627
2012-07-01	GS	8351
2012-10-01	GS	9236
2013-01-01	GS	10090
2013-04-01	GS	8612
2013-07-01	GS	6722
2013-10-01	GS	8782
2014-01-01	GS	9328
2014-04-01	GS	9125
2014-07-01	GS	8387
2014-10-01	GS	7688
2015-01-01	GS	10617
2015-04-01	GS	9069
2000-01-01	HD	9174
2000-04-01	HD	11112
2000-07-01	HD	12618
2000-10-01	HD	11545
2001-01-01	HD	10463
2001-04-01	HD	12200
2001-07-01	HD	14576
2001-10-01	HD	13289
2002-01-01	HD	13488
2002-04-01	HD	14282
2002-07-01	HD	16277
2002-10-01	HD	14475
2003-01-01	HD	13213
2003-04-01	HD	15104
2003-07-01	HD	17989
2003-10-01	HD	16598
2004-01-01	HD	15125
2004-04-01	HD	17550
2004-07-01	HD	19960
2004-10-01	HD	18772
2005-01-01	HD	16812
2005-04-01	HD	18973
2005-07-01	HD	22305
2005-10-01	HD	20744
2006-01-01	HD	14997
2006-04-01	HD	21461
2006-07-01	HD	22592
2006-10-01	HD	19648
2007-01-01	HD	17404
2007-04-01	HD	18545
2007-07-01	HD	22184
2007-10-01	HD	18961
2008-01-01	HD	17659
2008-04-01	HD	17907
2008-07-01	HD	20990
2008-10-01	HD	17784
2009-01-01	HD	14607
2009-04-01	HD	16175
2009-07-01	HD	19071
2009-10-01	HD	16361
2010-01-01	HD	14569
2010-04-01	HD	16863
2010-07-01	HD	19410
2010-10-01	HD	16598
2011-01-01	HD	15126
2011-04-01	HD	16823
2011-07-01	HD	20232
2011-10-01	HD	17326
2012-01-01	HD	16014
2012-04-01	HD	17808
2012-07-01	HD	20570
2012-10-01	HD	18130
2013-01-01	HD	18246
2013-04-01	HD	19124
2013-07-01	HD	22522
2013-10-01	HD	19470
2014-01-01	HD	17696
2014-04-01	HD	19687
2014-07-01	HD	23811
2014-10-01	HD	20516
2015-01-01	HD	19162
2015-04-01	HD	20891
2000-01-01	IBM	19348
2000-04-01	IBM	21651
2000-07-01	IBM	21781
2000-10-01	IBM	25616
2001-01-01	IBM	21044
2001-04-01	IBM	20834
2001-07-01	IBM	19783
2001-10-01	IBM	22141
2002-01-01	IBM	18030
2002-04-01	IBM	19651
2002-07-01	IBM	19821
2002-10-01	IBM	23684
2003-01-01	IBM	20065
2003-04-01	IBM	21631
2003-07-01	IBM	21522
2003-10-01	IBM	25913
2004-01-01	IBM	22175
2004-04-01	IBM	23098
2004-07-01	IBM	23349
2004-10-01	IBM	27671
2005-01-01	IBM	22908
2005-04-01	IBM	22270
2005-07-01	IBM	21529
2005-10-01	IBM	24427
2006-01-01	IBM	20659
2006-04-01	IBM	21890
2006-07-01	IBM	22617
2006-10-01	IBM	26258
2007-01-01	IBM	22029
2007-04-01	IBM	23772
2007-07-01	IBM	24119
2007-10-01	IBM	28866
2008-01-01	IBM	24502
2008-04-01	IBM	26820
2008-07-01	IBM	25302
2008-10-01	IBM	27007
2009-01-01	IBM	21711
2009-04-01	IBM	23250
2009-07-01	IBM	23566
2009-10-01	IBM	27230
2010-01-01	IBM	22858
2010-04-01	IBM	23723
2010-07-01	IBM	24271
2010-10-01	IBM	29018
2011-01-01	IBM	24607
2011-04-01	IBM	26667
2011-07-01	IBM	26157
2011-10-01	IBM	29486
2012-01-01	IBM	24673
2012-04-01	IBM	25783
2012-07-01	IBM	24747
2012-10-01	IBM	29304
2013-01-01	IBM	23408
2013-04-01	IBM	24924
2013-07-01	IBM	23338
2013-10-01	IBM	27385
2014-01-01	IBM	22236
2014-04-01	IBM	24364
2014-07-01	IBM	22397
2014-10-01	IBM	24113
2015-01-01	IBM	19590
2015-04-01	IBM	20813
2000-01-01	INTC	7993
2000-04-01	INTC	8300
2000-07-01	INTC	8731
2000-10-01	INTC	8702
2001-01-01	INTC	6677
2001-04-01	INTC	6334
2001-07-01	INTC	6545
2001-10-01	INTC	6983
2002-01-01	INTC	6781
2002-04-01	INTC	6319
2002-07-01	INTC	6504
2002-10-01	INTC	7160
2003-01-01	INTC	6751
2003-04-01	INTC	6816
2003-07-01	INTC	7833
2003-10-01	INTC	8741
2004-01-01	INTC	8091
2004-04-01	INTC	8049
2004-07-01	INTC	8471
2004-10-01	INTC	9598
2005-01-01	INTC	9434
2005-04-01	INTC	9231
2005-07-01	INTC	9960
2005-10-01	INTC	10201
2006-01-01	INTC	8940
2006-04-01	INTC	8009
2006-07-01	INTC	8739
2006-10-01	INTC	9694
2007-01-01	INTC	8852
2007-04-01	INTC	8680
2007-07-01	INTC	10090
2007-10-01	INTC	10712
2008-01-01	INTC	9673
2008-04-01	INTC	9470
2008-07-01	INTC	10217
2008-10-01	INTC	8226
2009-01-01	INTC	7145
2009-04-01	INTC	8024
2009-07-01	INTC	9389
2009-10-01	INTC	10569
2010-01-01	INTC	10299
2010-04-01	INTC	10765
2010-07-01	INTC	11102
2010-10-01	INTC	11457
2011-01-01	INTC	12847
2011-04-01	INTC	13032
2011-07-01	INTC	14233
2011-10-01	INTC	13887
2012-01-01	INTC	12906
2012-04-01	INTC	13501
2012-07-01	INTC	13457
2012-10-01	INTC	13477
2013-01-01	INTC	12580
2013-04-01	INTC	12811
2013-07-01	INTC	13483
2013-10-01	INTC	13834
2014-01-01	INTC	12764
2014-04-01	INTC	13831
2014-07-01	INTC	14554
2014-10-01	INTC	14721
2015-01-01	INTC	12781
2015-04-01	INTC	13195
2000-01-01	JNJ	7319
2000-04-01	JNJ	7670
2000-07-01	JNJ	7438
2000-10-01	JNJ	6624
2001-01-01	JNJ	7855
2001-04-01	JNJ	8179
2001-07-01	JNJ	8058
2001-10-01	JNJ	8225
2002-01-01	JNJ	8743
2002-04-01	JNJ	9073
2002-07-01	JNJ	9079
2002-10-01	JNJ	9403
2003-01-01	JNJ	9821
2003-04-01	JNJ	10332
2003-07-01	JNJ	10455
2003-10-01	JNJ	11254
2004-01-01	JNJ	11559
2004-04-01	JNJ	11484
2004-07-01	JNJ	11553
2004-10-01	JNJ	12752
2005-01-01	JNJ	12832
2005-04-01	JNJ	12762
2005-07-01	JNJ	12310
2005-10-01	JNJ	12610
2006-01-01	JNJ	12992
2006-04-01	JNJ	13363
2006-07-01	JNJ	13287
2006-10-01	JNJ	13682
2007-01-01	JNJ	15037
2007-04-01	JNJ	15131
2007-07-01	JNJ	14970
2007-10-01	JNJ	15957
2008-01-01	JNJ	16194
2008-04-01	JNJ	16450
2008-07-01	JNJ	15921
2008-10-01	JNJ	15182
2009-01-01	JNJ	15026
2009-04-01	JNJ	15239
2009-07-01	JNJ	15081
2009-10-01	JNJ	16551
2010-01-01	JNJ	15631
2010-04-01	JNJ	15330
2010-07-01	JNJ	14982
2010-10-01	JNJ	15644
2011-01-01	JNJ	16173
2011-04-01	JNJ	16597
2011-07-01	JNJ	16005
2011-10-01	JNJ	16255
2012-01-01	JNJ	16139
2012-04-01	JNJ	16475
2012-07-01	JNJ	17052
2012-10-01	JNJ	17558
2013-01-01	JNJ	17505
2013-04-01	JNJ	17877
2013-07-01	JNJ	17575
2013-10-01	JNJ	18355
2014-01-01	JNJ	18115
2014-04-01	JNJ	19495
2014-07-01	JNJ	18467
2014-10-01	JNJ	18254
2015-01-01	JNJ	17374
2015-04-01	JNJ	17787
2000-01-01	JPM	8769
2000-04-01	JPM	7899
2000-07-01	JPM	7723
2000-10-01	JPM	8543
2001-01-01	JPM	8325
2001-04-01	JPM	6871
2001-07-01	JPM	7349
2001-10-01	JPM	6577
2002-01-01	JPM	7598
2002-04-01	JPM	7574
2002-07-01	JPM	6947
2002-10-01	JPM	7495
2003-01-01	JPM	8406
2003-04-01	JPM	9034
2003-07-01	JPM	7748
2003-10-01	JPM	8068
2004-01-01	JPM	8977
2004-04-01	JPM	8631
2004-07-01	JPM	12505
2004-10-01	JPM	12225
2005-01-01	JPM	13647
2005-04-01	JPM	12548
2005-07-01	JPM	14265
2005-10-01	JPM	13482
2006-01-01	JPM	15236
2006-04-01	JPM	14940
2006-07-01	JPM	15545
2006-10-01	JPM	15631
2007-01-01	JPM	18968
2007-04-01	JPM	18908
2007-07-01	JPM	16112
2007-10-01	JPM	17384
2008-01-01	JPM	16890
2008-04-01	JPM	18399
2008-07-01	JPM	14737
2008-10-01	JPM	17226
2009-01-01	JPM	25025
2009-04-01	JPM	25623
2009-07-01	JPM	26622
2009-10-01	JPM	23164
2010-01-01	JPM	27671
2010-04-01	JPM	25101
2010-07-01	JPM	23824
2010-10-01	JPM	26098
2011-01-01	JPM	25221
2011-04-01	JPM	26779
2011-07-01	JPM	23763
2011-10-01	JPM	21471
2012-01-01	JPM	26052
2012-04-01	JPM	22180
2012-07-01	JPM	25146
2012-10-01	JPM	23653
2013-01-01	JPM	25122
2013-04-01	JPM	25211
2013-07-01	JPM	23117
2013-10-01	JPM	23156
2014-01-01	JPM	23215
2014-04-01	JPM	24454
2014-07-01	JPM	24246
2014-10-01	JPM	22512
2015-01-01	JPM	24066
2015-04-01	JPM	23812
2000-01-01	KO	4256
2000-04-01	KO	5487
2000-07-01	KO	5413
2000-10-01	KO	4733
2001-01-01	KO	4479
2001-04-01	KO	5293
2001-07-01	KO	4695
2001-10-01	KO	4238
2002-01-01	KO	4079
2002-04-01	KO	5368
2002-07-01	KO	5322
2002-10-01	KO	4795
2003-01-01	KO	4502
2003-04-01	KO	5695
2003-07-01	KO	5671
2003-10-01	KO	5176
2004-01-01	KO	5078
2004-04-01	KO	5914
2004-07-01	KO	5596
2004-10-01	KO	5204
2005-01-01	KO	5206
2005-04-01	KO	6310
2005-07-01	KO	6037
2005-10-01	KO	5551
2006-01-01	KO	5226
2006-04-01	KO	6476
2006-07-01	KO	6454
2006-10-01	KO	5932
2007-01-01	KO	6103
2007-04-01	KO	7733
2007-07-01	KO	7690
2007-10-01	KO	7331
2008-01-01	KO	7379
2008-04-01	KO	9046
2008-07-01	KO	8393
2008-10-01	KO	7126
2009-01-01	KO	7169
2009-04-01	KO	8267
2009-07-01	KO	8044
2009-10-01	KO	7510
2010-01-01	KO	7525
2010-04-01	KO	8674
2010-07-01	KO	8426
2010-10-01	KO	10494
2011-01-01	KO	10517
2011-04-01	KO	12737
2011-07-01	KO	12248
2011-10-01	KO	11040
2012-01-01	KO	11137
2012-04-01	KO	13085
2012-07-01	KO	12340
2012-10-01	KO	11455
2013-01-01	KO	11035
2013-04-01	KO	12749
2013-07-01	KO	12030
2013-10-01	KO	11040
2014-01-01	KO	10576
2014-04-01	KO	12574
2014-07-01	KO	11976
2014-10-01	KO	10872
2015-01-01	KO	10711
2015-04-01	KO	12156
2000-01-01	MCD	3344
2000-04-01	MCD	3561
2000-07-01	MCD	3749
2000-10-01	MCD	3590
2001-01-01	MCD	3512
2001-04-01	MCD	3708
2001-07-01	MCD	3880
2001-10-01	MCD	3772
2002-01-01	MCD	3598
2002-04-01	MCD	3863
2002-07-01	MCD	4047
2002-10-01	MCD	3900
2003-01-01	MCD	3800
2003-04-01	MCD	4281
2003-07-01	MCD	4505
2003-10-01	MCD	4556
2004-01-01	MCD	4400
2004-04-01	MCD	4729
2004-07-01	MCD	4926
2004-10-01	MCD	4540
2005-01-01	MCD	4803
2005-04-01	MCD	5096
2005-07-01	MCD	5328
2005-10-01	MCD	3892
2006-01-01	MCD	4914
2006-04-01	MCD	5368
2006-07-01	MCD	5504
2006-10-01	MCD	5446
2007-01-01	MCD	5293
2007-04-01	MCD	5840
2007-07-01	MCD	5901
2007-10-01	MCD	5754
2008-01-01	MCD	5615
2008-04-01	MCD	6076
2008-07-01	MCD	6268
2008-10-01	MCD	5565
2009-01-01	MCD	5078
2009-04-01	MCD	5648
2009-07-01	MCD	6047
2009-10-01	MCD	5974
2010-01-01	MCD	5611
2010-04-01	MCD	5946
2010-07-01	MCD	6305
2010-10-01	MCD	6215
2011-01-01	MCD	6112
2011-04-01	MCD	6906
2011-07-01	MCD	7167
2011-10-01	MCD	6823
2012-01-01	MCD	6547
2012-04-01	MCD	6916
2012-07-01	MCD	7153
2012-10-01	MCD	6953
2013-01-01	MCD	6606
2013-04-01	MCD	7084
2013-07-01	MCD	7324
2013-10-01	MCD	7094
2014-01-01	MCD	6701
2014-04-01	MCD	7182
2014-07-01	MCD	6988
2014-10-01	MCD	6573
2015-01-01	MCD	5959
2015-04-01	MCD	6498
2000-01-01	MMM	4075
2000-04-01	MMM	4224
2000-07-01	MMM	4252
2000-10-01	MMM	4196
2001-01-01	MMM	4170
2001-04-01	MMM	4079
2001-07-01	MMM	3961
2001-10-01	MMM	3856
2002-01-01	MMM	3890
2002-04-01	MMM	4161
2002-07-01	MMM	4143
2002-10-01	MMM	4138
2003-01-01	MMM	4318
2003-04-01	MMM	4580
2003-07-01	MMM	4616
2003-10-01	MMM	4718
2004-01-01	MMM	4939
2004-04-01	MMM	5012
2004-07-01	MMM	4969
2004-10-01	MMM	5091
2005-01-01	MMM	5166
2005-04-01	MMM	5294
2005-07-01	MMM	5382
2005-10-01	MMM	5325
2006-01-01	MMM	5595
2006-04-01	MMM	5688
2006-07-01	MMM	5858
2006-10-01	MMM	5782
2007-01-01	MMM	5937
2007-04-01	MMM	6142
2007-07-01	MMM	6177
2007-10-01	MMM	6206
2008-01-01	MMM	6463
2008-04-01	MMM	6739
2008-07-01	MMM	6558
2008-10-01	MMM	5509
2009-01-01	MMM	5089
2009-04-01	MMM	5719
2009-07-01	MMM	6193
2009-10-01	MMM	6122
2010-01-01	MMM	6348
2010-04-01	MMM	6731
2010-07-01	MMM	6874
2010-10-01	MMM	6709
2011-01-01	MMM	7311
2011-04-01	MMM	7680
2011-07-01	MMM	7531
2011-10-01	MMM	7089
2012-01-01	MMM	7486
2012-04-01	MMM	7534
2012-07-01	MMM	7497
2012-10-01	MMM	7387
2013-01-01	MMM	7634
2013-04-01	MMM	7752
2013-07-01	MMM	7916
2013-10-01	MMM	7569
2014-01-01	MMM	7831
2014-04-01	MMM	8134
2014-07-01	MMM	8137
2014-10-01	MMM	7719
2015-01-01	MMM	7578
2015-04-01	MMM	7686
2000-01-01	MRK	8852
2000-04-01	MRK	9478
2000-07-01	MRK	10568
2000-10-01	MRK	11468
2001-01-01	MRK	11346
2001-04-01	MRK	11894
2001-07-01	MRK	11920
2001-10-01	MRK	-13958
2002-01-01	MRK	12170
2002-04-01	MRK	12810
2002-07-01	MRK	5427
2002-10-01	MRK	6058
2003-01-01	MRK	5572
2003-04-01	MRK	5526
2003-07-01	MRK	5762
2003-10-01	MRK	5628
2004-01-01	MRK	5631
2004-04-01	MRK	6022
2004-07-01	MRK	5539
2004-10-01	MRK	5783
2005-01-01	MRK	5363
2005-04-01	MRK	5468
2005-07-01	MRK	5417
2005-10-01	MRK	5766
2006-01-01	MRK	5410
2006-04-01	MRK	5772
2006-07-01	MRK	5411
2006-10-01	MRK	6045
2007-01-01	MRK	5770
2007-04-01	MRK	6112
2007-07-01	MRK	6075
2007-10-01	MRK	6243
2008-01-01	MRK	5823
2008-04-01	MRK	6052
2008-07-01	MRK	5944
2008-10-01	MRK	6033
2009-01-01	MRK	5386
2009-04-01	MRK	5900
2009-07-01	MRK	6050
2009-10-01	MRK	10094
2010-01-01	MRK	11422
2010-04-01	MRK	11346
2010-07-01	MRK	11125
2010-10-01	MRK	12094
2011-01-01	MRK	11580
2011-04-01	MRK	12151
2011-07-01	MRK	12022
2011-10-01	MRK	12294
2012-01-01	MRK	11731
2012-04-01	MRK	12311
2012-07-01	MRK	11488
2012-10-01	MRK	11737
2013-01-01	MRK	10671
2013-04-01	MRK	11010
2013-07-01	MRK	11032
2013-10-01	MRK	11320
2014-01-01	MRK	10264
2014-04-01	MRK	10934
2014-07-01	MRK	10557
2014-10-01	MRK	10482
2015-01-01	MRK	9425
2015-04-01	MRK	9785
2000-01-01	MSFT	5656
2000-04-01	MSFT	5804
2000-07-01	MSFT	5766
2000-10-01	MSFT	6550
2001-01-01	MSFT	6403
2001-04-01	MSFT	6577
2001-07-01	MSFT	6126
2001-10-01	MSFT	7741
2002-01-01	MSFT	7245
2002-04-01	MSFT	7253
2002-07-01	MSFT	7746
2002-10-01	MSFT	8541
2003-01-01	MSFT	7835
2003-04-01	MSFT	8065
2003-07-01	MSFT	8215
2003-10-01	MSFT	10153
2004-01-01	MSFT	9175
2004-04-01	MSFT	9292
2004-07-01	MSFT	9189
2004-10-01	MSFT	10818
2005-01-01	MSFT	9620
2005-04-01	MSFT	10161
2005-07-01	MSFT	9741
2005-10-01	MSFT	11837
2006-01-01	MSFT	10900
2006-04-01	MSFT	11804
2006-07-01	MSFT	10811
2006-10-01	MSFT	12542
2007-01-01	MSFT	14398
2007-04-01	MSFT	13371
2007-07-01	MSFT	13762
2007-10-01	MSFT	16367
2008-01-01	MSFT	14454
2008-04-01	MSFT	15837
2008-07-01	MSFT	15061
2008-10-01	MSFT	16629
2009-01-01	MSFT	13648
2009-04-01	MSFT	13099
2009-07-01	MSFT	12920
2009-10-01	MSFT	19022
2010-01-01	MSFT	14503
2010-04-01	MSFT	16039
2010-07-01	MSFT	16195
2010-10-01	MSFT	19953
2011-01-01	MSFT	16428
2011-04-01	MSFT	17367
2011-07-01	MSFT	17372
2011-10-01	MSFT	20885
2012-01-01	MSFT	17407
2012-04-01	MSFT	18059
2012-07-01	MSFT	16008
2012-10-01	MSFT	21456
2013-01-01	MSFT	20489
2013-04-01	MSFT	19896
2013-07-01	MSFT	18529
2013-10-01	MSFT	24519
2014-01-01	MSFT	20403
2014-04-01	MSFT	23382
2014-07-01	MSFT	23201
2014-10-01	MSFT	26470
2015-01-01	MSFT	21729
2015-04-01	MSFT	22180
2000-01-01	NKE	2162
2000-04-01	NKE	2273
2000-07-01	NKE	2637
2000-10-01	NKE	2199
2001-01-01	NKE	2171
2001-04-01	NKE	2484
2001-07-01	NKE	2614
2001-10-01	NKE	2337
2002-01-01	NKE	2261
2002-04-01	NKE	2683
2002-07-01	NKE	2797
2002-10-01	NKE	2515
2003-01-01	NKE	2401
2003-04-01	NKE	2986
2003-07-01	NKE	3025
2003-10-01	NKE	2838
2004-01-01	NKE	2904
2004-04-01	NKE	3488
2004-07-01	NKE	3562
2004-10-01	NKE	3149
2005-01-01	NKE	3309
2005-04-01	NKE	3722
2005-07-01	NKE	3862
2005-10-01	NKE	3475
2006-01-01	NKE	3613
2006-04-01	NKE	4006
2006-07-01	NKE	4195
2006-10-01	NKE	3822
2007-01-01	NKE	3927
2007-04-01	NKE	4384
2007-07-01	NKE	4656
2007-10-01	NKE	4340
2008-01-01	NKE	4545
2008-04-01	NKE	5088
2008-07-01	NKE	5433
2008-10-01	NKE	4591
2009-01-01	NKE	4441
2009-04-01	NKE	4713
2009-07-01	NKE	4799
2009-10-01	NKE	4405
2010-01-01	NKE	4733
2010-04-01	NKE	5077
2010-07-01	NKE	5175
2010-10-01	NKE	4842
2011-01-01	NKE	5079
2011-04-01	NKE	5021
2011-07-01	NKE	6081
2011-10-01	NKE	5546
2012-01-01	NKE	5656
2012-04-01	NKE	6236
2012-07-01	NKE	6474
2012-10-01	NKE	5955
2013-01-01	NKE	6187
2013-04-01	NKE	6697
2013-07-01	NKE	6971
2013-10-01	NKE	6431
2014-01-01	NKE	6972
2014-04-01	NKE	7425
2014-07-01	NKE	7982
2014-10-01	NKE	7380
2015-01-01	NKE	7460
2015-04-01	NKE	7779
2000-01-01	PFE	7161
2000-04-01	PFE	6989
2000-07-01	PFE	7158
2000-10-01	PFE	8047
2001-01-01	PFE	7645
2001-04-01	PFE	7686
2001-07-01	PFE	7824
2001-10-01	PFE	5995
2002-01-01	PFE	7747
2002-04-01	PFE	7296
2002-07-01	PFE	7996
2002-10-01	PFE	9255
2003-01-01	PFE	8525
2003-04-01	PFE	9900
2003-07-01	PFE	12348
2003-10-01	PFE	13982
2004-01-01	PFE	12487
2004-04-01	PFE	12274
2004-07-01	PFE	12831
2004-10-01	PFE	11395
2005-01-01	PFE	13091
2005-04-01	PFE	11452
2005-07-01	PFE	11263
2005-10-01	PFE	12547
2006-01-01	PFE	11747
2006-04-01	PFE	11741
2006-07-01	PFE	12280
2006-10-01	PFE	12603
2007-01-01	PFE	12474
2007-04-01	PFE	11084
2007-07-01	PFE	11990
2007-10-01	PFE	12870
2008-01-01	PFE	11848
2008-04-01	PFE	12129
2008-07-01	PFE	11973
2008-10-01	PFE	12346
2009-01-01	PFE	10867
2009-04-01	PFE	10984
2009-07-01	PFE	11621
2009-10-01	PFE	16537
2010-01-01	PFE	16576
2010-04-01	PFE	17132
2010-07-01	PFE	15995
2010-10-01	PFE	15462
2011-01-01	PFE	16502
2011-04-01	PFE	16485
2011-07-01	PFE	16609
2011-10-01	PFE	16141
2012-01-01	PFE	14885
2012-04-01	PFE	13968
2012-07-01	PFE	12953
2012-10-01	PFE	13891
2013-01-01	PFE	12410
2013-04-01	PFE	12973
2013-07-01	PFE	12643
2013-10-01	PFE	13558
2014-01-01	PFE	11353
2014-04-01	PFE	12773
2014-07-01	PFE	12361
2014-10-01	PFE	13118
2015-01-01	PFE	10864
2015-04-01	PFE	11853
2000-01-01	PG	9783
2000-04-01	PG	9661
2000-07-01	PG	9969
2000-10-01	PG	10182
2001-01-01	PG	9511
2001-04-01	PG	9582
2001-07-01	PG	9766
2001-10-01	PG	10403
2002-01-01	PG	9900
2002-04-01	PG	10169
2002-07-01	PG	10796
2002-10-01	PG	11005
2003-01-01	PG	10656
2003-04-01	PG	10920
2003-07-01	PG	12195
2003-10-01	PG	13221
2004-01-01	PG	13029
2004-04-01	PG	12962
2004-07-01	PG	13744
2004-10-01	PG	14452
2005-01-01	PG	14287
2005-04-01	PG	14258
2005-07-01	PG	14793
2005-10-01	PG	18337
2006-01-01	PG	17250
2006-04-01	PG	17842
2006-07-01	PG	18785
2006-10-01	PG	19725
2007-01-01	PG	18694
2007-04-01	PG	19272
2007-07-01	PG	20199
2007-10-01	PG	21038
2008-01-01	PG	20026
2008-04-01	PG	20885
2008-07-01	PG	20983
2008-10-01	PG	19763
2009-01-01	PG	17864
2009-04-01	PG	18084
2009-07-01	PG	19807
2009-10-01	PG	21027
2010-01-01	PG	19178
2010-04-01	PG	18926
2010-07-01	PG	20122
2010-10-01	PG	21347
2011-01-01	PG	19893
2011-04-01	PG	20451
2011-07-01	PG	21530
2011-10-01	PG	21744
2012-01-01	PG	20194
2012-04-01	PG	20212
2012-07-01	PG	20739
2012-10-01	PG	22175
2013-01-01	PG	20598
2013-04-01	PG	19069
2013-07-01	PG	20830
2013-10-01	PG	21099
2014-01-01	PG	19641
2014-04-01	PG	22148
2014-07-01	PG	20792
2014-10-01	PG	20161
2015-01-01	PG	18142
2015-04-01	PG	17790
2000-01-01	TRV	2146
2000-04-01	TRV	1971
2000-07-01	TRV	2031
2000-10-01	TRV	1583
2001-01-01	TRV	2162
2001-04-01	TRV	2163
2001-07-01	TRV	2225
2001-10-01	TRV	2381
2002-01-01	TRV	2334
2002-04-01	TRV	2344
2002-07-01	TRV	2297
2002-10-01	TRV	2055
2003-01-01	TRV	3603
2003-04-01	TRV	3749
2003-07-01	TRV	3746
2003-10-01	TRV	4041
2004-01-01	TRV	4127
2004-04-01	TRV	6060
2004-07-01	TRV	6129
2004-10-01	TRV	6228
2005-01-01	TRV	6105
2005-04-01	TRV	6037
2005-07-01	TRV	6042
2005-10-01	TRV	6181
2006-01-01	TRV	6050
2006-04-01	TRV	6255
2006-07-01	TRV	6316
2006-10-01	TRV	6469
2007-01-01	TRV	6427
2007-04-01	TRV	6573
2007-07-01	TRV	6526
2007-10-01	TRV	6491
2008-01-01	TRV	6232
2008-04-01	TRV	6295
2008-07-01	TRV	6145
2008-10-01	TRV	5805
2009-01-01	TRV	5735
2009-04-01	TRV	6162
2009-07-01	TRV	6327
2009-10-01	TRV	6456
2010-01-01	TRV	6119
2010-04-01	TRV	6179
2010-07-01	TRV	6482
2010-10-01	TRV	6332
2011-01-01	TRV	6278
2011-04-01	TRV	6388
2011-07-01	TRV	6407
2011-10-01	TRV	6373
2012-01-01	TRV	6392
2012-04-01	TRV	6359
2012-07-01	TRV	6512
2012-10-01	TRV	6477
2013-01-01	TRV	6328
2013-04-01	TRV	6674
2013-07-01	TRV	6452
2013-10-01	TRV	6737
2014-01-01	TRV	6708
2014-04-01	TRV	6785
2014-07-01	TRV	6886
2014-10-01	TRV	6783
2015-01-01	TRV	6626
2015-04-01	TRV	6706
2000-01-01	UNH	5099
2000-04-01	UNH	5220
2000-07-01	UNH	5369
2000-10-01	UNH	5434
2001-01-01	UNH	5680
2001-04-01	UNH	5813
2001-07-01	UNH	5941
2001-10-01	UNH	6020
2002-01-01	UNH	6013
2002-04-01	UNH	6078
2002-07-01	UNH	6247
2002-10-01	UNH	6682
2003-01-01	UNH	6975
2003-04-01	UNH	7087
2003-07-01	UNH	7238
2003-10-01	UNH	7523
2004-01-01	UNH	8144
2004-04-01	UNH	8704
2004-07-01	UNH	9859
2004-10-01	UNH	10511
2005-01-01	UNH	11164
2005-04-01	UNH	11379
2005-07-01	UNH	11613
2005-10-01	UNH	12286
2006-01-01	UNH	17581
2006-04-01	UNH	17863
2006-07-01	UNH	17970
2006-10-01	UNH	18128
2007-01-01	UNH	19047
2007-04-01	UNH	19000
2007-07-01	UNH	18679
2007-10-01	UNH	18705
2008-01-01	UNH	20304
2008-04-01	UNH	20272
2008-07-01	UNH	20156
2008-10-01	UNH	20454
2009-01-01	UNH	22004
2009-04-01	UNH	21655
2009-07-01	UNH	21695
2009-10-01	UNH	21784
2010-01-01	UNH	23193
2010-04-01	UNH	23264
2010-07-01	UNH	23668
2010-10-01	UNH	24030
2011-01-01	UNH	25432
2011-04-01	UNH	25234
2011-07-01	UNH	25280
2011-10-01	UNH	25916
2012-01-01	UNH	27282
2012-04-01	UNH	27265
2012-07-01	UNH	27302
2012-10-01	UNH	28769
2013-01-01	UNH	30340
2013-04-01	UNH	30408
2013-07-01	UNH	30624
2013-10-01	UNH	31117
2014-01-01	UNH	31708
2014-04-01	UNH	32574
2014-07-01	UNH	32759
2014-10-01	UNH	33433
2015-01-01	UNH	35756
2015-04-01	UNH	36263
2000-01-01	UTX	6307
2000-04-01	UTX	6871
2000-07-01	UTX	6339
2000-10-01	UTX	7066
2001-01-01	UTX	6671
2001-04-01	UTX	7332
2001-07-01	UTX	6920
2001-10-01	UTX	6974
2002-01-01	UTX	6374
2002-04-01	UTX	7324
2002-07-01	UTX	7299
2002-10-01	UTX	7215
2003-01-01	UTX	6702
2003-04-01	UTX	7790
2003-07-01	UTX	7954
2003-10-01	UTX	8588
2004-01-01	UTX	8646
2004-04-01	UTX	9622
2004-07-01	UTX	9339
2004-10-01	UTX	10385
2005-01-01	UTX	9407
2005-04-01	UTX	11152
2005-07-01	UTX	10905
2005-10-01	UTX	11261
2006-01-01	UTX	10615
2006-04-01	UTX	12264
2006-07-01	UTX	12163
2006-10-01	UTX	12787
2007-01-01	UTX	12278
2007-04-01	UTX	13904
2007-07-01	UTX	13863
2007-10-01	UTX	14714
2008-01-01	UTX	13958
2008-04-01	UTX	15944
2008-07-01	UTX	15085
2008-10-01	UTX	14770
2009-01-01	UTX	12249
2009-04-01	UTX	13196
2009-07-01	UTX	13375
2009-10-01	UTX	13605
2010-01-01	UTX	12040
2010-04-01	UTX	13802
2010-07-01	UTX	13620
2010-10-01	UTX	12813
2011-01-01	UTX	12680
2011-04-01	UTX	14469
2011-07-01	UTX	14235
2011-10-01	UTX	14377
2012-01-01	UTX	12416
2012-04-01	UTX	13807
2012-07-01	UTX	15042
2012-10-01	UTX	16443
2013-01-01	UTX	14399
2013-04-01	UTX	16006
2013-07-01	UTX	15462
2013-10-01	UTX	16759
2014-01-01	UTX	14745
2014-04-01	UTX	17191
2014-07-01	UTX	16168
2014-10-01	UTX	16996
2015-01-01	UTX	14541
2015-04-01	UTX	16333
2000-01-01	V	
2000-04-01	V	
2000-07-01	V	
2000-10-01	V	
2001-01-01	V	
2001-04-01	V	
2001-07-01	V	
2001-10-01	V	
2002-01-01	V	
2002-04-01	V	
2002-07-01	V	
2002-10-01	V	
2003-01-01	V	
2003-04-01	V	
2003-07-01	V	
2003-10-01	V	
2004-01-01	V	
2004-04-01	V	
2004-07-01	V	
2004-10-01	V	
2005-01-01	V	
2005-04-01	V	
2005-07-01	V	
2005-10-01	V	
2006-01-01	V	
2006-04-01	V	736
2006-07-01	V	745
2006-10-01	V	845
2007-01-01	V	813
2007-04-01	V	941
2007-07-01	V	991
2007-10-01	V	1488
2008-01-01	V	1453
2008-04-01	V	1613
2008-07-01	V	1709
2008-10-01	V	1739
2009-01-01	V	1647
2009-04-01	V	1646
2009-07-01	V	1879
2009-10-01	V	1960
2010-01-01	V	1959
2010-04-01	V	2029
2010-07-01	V	2117
2010-10-01	V	2238
2011-01-01	V	2245
2011-04-01	V	2322
2011-07-01	V	2383
2011-10-01	V	2547
2012-01-01	V	2578
2012-04-01	V	2565
2012-07-01	V	2731
2012-10-01	V	2846
2013-01-01	V	2958
2013-04-01	V	3001
2013-07-01	V	2973
2013-10-01	V	3155
2014-01-01	V	3163
2014-04-01	V	3155
2014-07-01	V	3229
2014-10-01	V	3382
2015-01-01	V	3409
2015-04-01	V	3518
2000-01-01	VZ	14532
2000-04-01	VZ	16769
2000-07-01	VZ	16533
2000-10-01	VZ	16873
2001-01-01	VZ	16266
2001-04-01	VZ	16909
2001-07-01	VZ	17004
2001-10-01	VZ	17011
2002-01-01	VZ	16430
2002-04-01	VZ	16752
2002-07-01	VZ	17113
2002-10-01	VZ	16906
2003-01-01	VZ	16490
2003-04-01	VZ	16829
2003-07-01	VZ	17063
2003-10-01	VZ	17198
2004-01-01	VZ	17056
2004-04-01	VZ	17758
2004-07-01	VZ	18206
2004-10-01	VZ	12731
2005-01-01	VZ	18179
2005-04-01	VZ	18053
2005-07-01	VZ	18486
2005-10-01	VZ	15297
2006-01-01	VZ	21231
2006-04-01	VZ	21886
2006-07-01	VZ	22459
2006-10-01	VZ	22606
2007-01-01	VZ	22584
2007-04-01	VZ	23273
2007-07-01	VZ	23772
2007-10-01	VZ	23840
2008-01-01	VZ	23833
2008-04-01	VZ	24124
2008-07-01	VZ	24752
2008-10-01	VZ	24645
2009-01-01	VZ	26591
2009-04-01	VZ	26861
2009-07-01	VZ	27265
2009-10-01	VZ	27091
2010-01-01	VZ	26913
2010-04-01	VZ	26773
2010-07-01	VZ	26484
2010-10-01	VZ	26395
2011-01-01	VZ	26990
2011-04-01	VZ	27536
2011-07-01	VZ	27913
2011-10-01	VZ	28436
2012-01-01	VZ	28242
2012-04-01	VZ	28552
2012-07-01	VZ	29007
2012-10-01	VZ	30045
2013-01-01	VZ	29420
2013-04-01	VZ	29786
2013-07-01	VZ	30279
2013-10-01	VZ	31065
2014-01-01	VZ	30818
2014-04-01	VZ	31483
2014-07-01	VZ	31586
2014-10-01	VZ	33192
2015-01-01	VZ	31984
2015-04-01	VZ	32224
2000-01-01	WMT	51394
2000-04-01	WMT	42985
2000-07-01	WMT	46112
2000-10-01	WMT	45676
2001-01-01	WMT	56556
2001-04-01	WMT	48052
2001-07-01	WMT	52799
2001-10-01	WMT	52738
2002-01-01	WMT	52235
2002-04-01	WMT	52126
2002-07-01	WMT	56781
2002-10-01	WMT	59330
2003-01-01	WMT	56638
2003-04-01	WMT	57224
2003-07-01	WMT	63232
2003-10-01	WMT	63035
2004-01-01	WMT	75190
2004-04-01	WMT	65443
2004-07-01	WMT	70459
2004-10-01	WMT	69282
2005-01-01	WMT	79078
2005-04-01	WMT	70908
2005-07-01	WMT	75932
2005-10-01	WMT	75397
2006-01-01	WMT	89252
2006-04-01	WMT	79676
2006-07-01	WMT	84524
2006-10-01	WMT	84467
2007-01-01	WMT	98796
2007-04-01	WMT	86410
2007-07-01	WMT	92999
2007-10-01	WMT	91865
2008-01-01	WMT	107343
2008-04-01	WMT	94940
2008-07-01	WMT	102342
2008-10-01	WMT	98345
2009-01-01	WMT	108747
2009-04-01	WMT	94242
2009-07-01	WMT	100876
2009-10-01	WMT	99373
2010-01-01	WMT	113622
2010-04-01	WMT	99811
2010-07-01	WMT	103726
2010-10-01	WMT	101952
2011-01-01	WMT	116360
2011-04-01	WMT	104189
2011-07-01	WMT	109366
2011-10-01	WMT	110226
2012-01-01	WMT	123169
2012-04-01	WMT	113010
2012-07-01	WMT	114282
2012-10-01	WMT	113800
2013-01-01	WMT	127776
2013-04-01	WMT	114070
2013-07-01	WMT	116830
2013-10-01	WMT	115688
2014-01-01	WMT	129706
2014-04-01	WMT	114960
2014-07-01	WMT	120125
2014-10-01	WMT	119001
2015-01-01	WMT	131565
2015-04-01	WMT	114826
2000-01-01	XOM	47780
2000-04-01	XOM	49479
2000-07-01	XOM	52178
2000-10-01	XOM	82409
2001-01-01	XOM	57300
2001-04-01	XOM	56184
2001-07-01	XOM	56448
2001-10-01	XOM	47188
2002-01-01	XOM	43393
2002-04-01	XOM	50804
2002-07-01	XOM	54098
2002-10-01	XOM	56211
2003-01-01	XOM	63780
2003-04-01	XOM	57165
2003-07-01	XOM	59841
2003-10-01	XOM	65952
2004-01-01	XOM	67602
2004-04-01	XOM	70693
2004-07-01	XOM	76375
2004-10-01	XOM	83365
2005-01-01	XOM	82051
2005-04-01	XOM	88568
2005-07-01	XOM	100717
2005-10-01	XOM	99344
2006-01-01	XOM	88980
2006-04-01	XOM	99034
2006-07-01	XOM	99593
2006-10-01	XOM	90028
2007-01-01	XOM	87223
2007-04-01	XOM	98350
2007-07-01	XOM	102337
2007-10-01	XOM	116642
2008-01-01	XOM	116854
2008-04-01	XOM	138072
2008-07-01	XOM	137737
2008-10-01	XOM	84696
2009-01-01	XOM	64028
2009-04-01	XOM	74457
2009-07-01	XOM	82260
2009-10-01	XOM	89841
2010-01-01	XOM	90251
2010-04-01	XOM	92486
2010-07-01	XOM	95298
2010-10-01	XOM	105186
2011-01-01	XOM	114004
2011-04-01	XOM	125486
2011-07-01	XOM	125330
2011-10-01	XOM	121609
2012-01-01	XOM	124053
2012-04-01	XOM	127363
2012-07-01	XOM	115141
2012-10-01	XOM	114699
2013-01-01	XOM	108357
2013-04-01	XOM	106666
2013-07-01	XOM	112372
2013-10-01	XOM	110860
2014-01-01	XOM	106325
2014-04-01	XOM	111647
2014-07-01	XOM	107490
2014-10-01	XOM	86029
2015-01-01	XOM	67618
2015-04-01	XOM	74113
