,index,action,appPackage,category,contactSignificantContext,numberUpdates,p1,p2,p3,p4,p5,p6,posted,postedDayOfWeek,postedTimeOfDay,priority,removed,response,subject
0,56,False,io.wia.wia,unknown,False,-0.47957885,-0.8975381,0.58880126,-0.2854972,-0.3554177,0.21488559000000002,0.67758274,1530425894738.086,4,morn,0,1530425954738.086,short,unknown
1,33,True,com.whatsapp,unknown,True,-1.0296574,2.2793388,-0.7560756,-0.6789683,0.89573264,-0.11235875000000001,0.87001324,1530426434738.086,4,morn,1,1530427514738.086,medium,unknown
2,70,True,com.whatsapp,msg,True,16.921385,1.7668613,-0.66822845,0.07205526,0.15131609999999998,0.03792953,1.1496260999999999,1530428354738.086,4,morn,1,1530428894738.086,medium,unknown
3,24,True,com.whatsapp,msg,False,-9.939955,1.3481864,0.73460513,0.77441,0.21831428,0.5205428,0.7095513999999999,1530428594738.086,4,morn,0,1530428894738.086,medium,unknown
4,61,True,com.whatsapp,unknown,False,-12.236179,0.056745157000000004,0.50446004,-0.5003103600000001,0.14425278,0.5415525999999999,0.45065504,1530428954738.086,4,morn,0,1530430514738.086,medium,unknown
5,12,True,com.whatsapp,unknown,True,-3.115724,1.4237084,-0.28963706,-0.27753323,0.5736465,0.03859931,-0.42162659999999996,1530429134738.086,4,morn,1,1530429974738.086,medium,unknown
6,55,True,com.google.android.googlequicksearchbox,unknown,False,-0.42001706,0.072424784,0.8198477,0.37210977,-1.0063155,0.28814593,1.8940698999999999,1530429194738.086,4,morn,0,1530430754738.086,medium,unknown
7,40,True,com.whatsapp,unknown,False,2.273123,0.95415574,0.35246995000000003,-0.061680740000000005,0.19359718,0.28973162,0.08972141,1530429674738.086,4,morn,0,1530429974738.086,medium,unknown
8,45,False,com.google.android.apps.maps,msg,False,17.2383,0.06658188,1.8420236,1.2061373,0.49134669999999997,1.1747738,-0.042567156,1530429794738.086,4,morn,-2,1530435434738.086,long,unknown
9,5,True,com.google.android.googlequicksearchbox,unknown,True,3.776726,0.22994969999999998,0.43140757,0.1858437,-1.0455658,0.18356636,1.0013602,1530430274738.086,4,morn,0,1530430574738.086,short,unknown
10,18,True,com.whatsapp,msg,True,19.665115,0.33113348,1.0637281,-0.7543681,-0.20222749,1.0064214,1.1087925,1530430394738.086,4,morn,1,1530431474738.086,medium,unknown
11,58,False,com.android.providers.downloads,msg,False,19.825382,-0.29415727,0.582711,0.33722812,-0.48974392,1.206237,0.34585539,1530430814738.086,4,morn,-2,1530430814738.086,immediate,unknown
12,15,True,com.whatsapp,msg,False,8.750387,-0.15096462,1.0310315,1.2794913,0.27894926000000003,1.9117179,-0.26677948,1530432314738.086,4,morn,1,1530435494738.086,long,unknown
13,38,True,com.whatsapp,msg,True,13.189362,0.18253675,0.31179145,0.008423477,0.39921337,1.0297606,0.21476173,1530432494738.086,4,morn,1,1530433334738.086,medium,unknown
14,27,True,com.whatsapp,unknown,True,-7.337157,1.2762698000000001,-0.70116353,-0.90616786,1.2269759,-0.16194943,-0.36308959999999996,1530432614738.086,4,morn,0,1530433394738.086,medium,unknown
15,29,True,com.whatsapp,msg,True,5.3719807,2.0419152,0.21167719999999998,0.34589735,0.855278,0.5276341,1.0487647,1530432974738.086,4,morn,1,1530433574738.086,medium,unknown
16,53,True,com.whatsapp,msg,False,8.965679,0.7079928,1.1200737,0.6873979,1.2108914,0.36934313,-0.18970665,1530433034738.086,4,morn,1,1530436574738.086,long,unknown
17,71,True,com.whatsapp,unknown,False,-16.361109,1.0292552,-0.66849864,-1.7540565,0.6277116500000001,0.54768103,0.42472583,1530435134738.086,4,morn,0,1530435854738.086,medium,unknown
18,67,True,com.whatsapp,unknown,True,-7.745309,-0.19891068,-0.6248769,-0.91617304,0.57803583,-0.008360105000000001,0.5225585700000001,1530435314738.086,4,morn,0,1530436994738.086,medium,unknown
19,66,True,io.wia.wia,unknown,False,-12.248971,-0.6942389999999999,1.8584616999999999,2.3585105,-0.097867295,0.24569686000000002,-0.3118104,1530435374738.086,4,morn,0,1530436094738.086,medium,unknown
20,2,True,com.whatsapp,msg,True,18.985819,-0.27902475,1.3295963,-0.34807605,-0.27201748,1.2477207,-0.8195861600000001,1530435554738.086,4,morn,0,1530436034738.086,medium,unknown
21,62,True,com.whatsapp,unknown,True,6.6641207,-1.0855045,-0.07518261,-1.416136,-0.018226821,1.1807393,1.2734076,1530435614738.086,4,morn,0,1530436514738.086,medium,unknown
22,10,True,com.android.providers.downloads,msg,True,9.361677,0.42511289999999996,1.5314128,1.6557286,-1.2101561,1.1618826,-0.34468043,1530436634738.086,4,morn,0,1530438074738.086,medium,unknown
23,17,True,com.google.android.googlequicksearchbox,msg,True,8.109487,0.5282226999999999,0.65522605,0.28119203,-0.1345254,0.5194371999999999,1.5745008999999999,1530436814738.086,4,morn,1,1530437114738.086,medium,unknown
24,39,False,com.google.android.googlequicksearchbox,unknown,False,7.446741,0.8948919999999999,-0.10828335,0.35554016,-0.34951785,-0.2710363,0.8786238,1530437054738.086,4,morn,0,1530438674738.086,medium,unknown
25,4,False,com.facebook.orca,msg,False,15.878056,0.6110783,0.63087183,0.5438185999999999,0.64225984,0.28812605,-0.43432498,1530437294738.086,4,morn,-2,1530441794738.086,long,unknown
26,22,True,com.whatsapp,unknown,False,-24.054867,-0.096106775,1.8051453,0.98225987,0.05723258,-0.36094663,-0.14822127000000002,1530438674738.086,4,morn,0,1530438974738.086,short,unknown
27,31,True,com.whatsapp,msg,False,7.458318,0.1271363,1.9235855,0.98025656,1.0531205,1.124082,-0.49529555000000003,1530438734738.086,4,morn,1,1530444194738.086,long,unknown
28,8,True,com.whatsapp,msg,True,6.9331293,1.2100548,0.056851514000000006,-0.49006194000000003,0.15712142,0.43933406,1.6563455999999999,1530439334738.086,4,morn,1,1530439994738.086,medium,unknown
29,48,True,com.whatsapp,unknown,False,-11.785499,-0.7106197,0.12049282,-1.1012015,-0.01767769,0.64198583,0.52951646,1530439394738.086,4,morn,0,1530439874738.086,medium,unknown
30,25,True,com.whatsapp,msg,True,8.79302,-0.18099467,-0.05972398,-1.1941992,0.8322280999999999,0.6498051,0.9626802999999999,1530441254738.086,4,morn,1,1530442994738.086,medium,unknown
31,43,True,com.whatsapp,unknown,True,3.8814821,-0.2877243,0.9803265999999999,-0.22411424,0.50927526,1.0646803,-0.8192174,1530441674738.086,4,morn,0,1530442754738.086,medium,unknown
32,14,False,com.android.providers.downloads,msg,False,27.576984,0.08022874,0.83346874,0.49609876,-0.32402056,0.34311149999999996,0.38237396,1530442094738.086,4,morn,-2,1530443234738.086,medium,unknown
33,19,True,com.whatsapp,unknown,False,-11.386599,1.0781326,-0.25061452,-0.98500997,0.60968053,0.44639492000000003,0.47233358000000003,1530442514738.086,4,morn,0,1530442814738.086,medium,unknown
34,57,True,io.wia.wia,unknown,False,-13.873457,1.8515427999999998,0.14654249,0.07584327,0.040492103,0.4798517,1.2367263,1530442754738.086,4,morn,0,1530444254738.086,medium,unknown
35,69,True,com.Slack,unknown,True,-3.3592383999999997,-0.7553594,1.7720785000000001,0.55091083,-0.7427085,0.40854799999999997,0.60810333,1530443534738.086,4,morn,0,1530444974738.086,medium,unknown
36,7,True,com.snapchat.android,msg,True,10.077687,0.48807819999999996,1.6438026,0.5415475,-0.5488275,1.2668276,1.8083635999999998,1530443894738.086,4,morn,1,1530444914738.086,medium,unknown
37,46,False,com.google.android.apps.maps,msg,False,18.473993,0.46800917000000003,0.7655318999999999,0.39172619999999997,0.6375158400000001,0.6706875999999999,0.67390996,1530444734738.086,4,morn,-2,1530444734738.086,immediate,unknown
38,0,True,com.Slack,unknown,True,-9.61526,1.174691,0.43652686,-0.29139686,-0.17068271000000002,0.04814772,1.4888926,1530445334738.086,4,morn,0,1530446114738.086,medium,unknown
39,3,True,com.whatsapp,unknown,False,-14.949836,-0.92273134,0.5792185,-0.8148242,0.24998681,0.67650807,1.4389834,1530446234738.086,4,morn,0,1530447074738.086,medium,unknown
40,49,False,com.android.providers.downloads,service,False,30.061792,-0.35812667,2.461056,0.99795616,-0.69024897,0.75590503,0.28774109999999997,1530447554738.086,4,afternoon,-2,1530450314738.086,long,unknown
41,16,False,com.bskyb.sportnews,unknown,False,4.2767444,-1.2654074,2.4299102,0.9911567,-0.3058731,-0.23767653,-0.21615109000000002,1530453794738.086,4,afternoon,0,1530459614738.086,long,unknown
42,26,True,io.wia.wia,unknown,False,-10.586123,-1.1488174,2.360994,2.6864033,-0.08645382500000001,-0.5917199,-0.15464371,1530455114738.086,4,afternoon,0,1530455234738.086,short,unknown
43,68,True,com.whatsapp,unknown,False,-4.232301,-1.0081966,1.2220359,0.53539896,-0.35731694,0.22152999,-0.17416412,1530461054738.086,4,afternoon,0,1530461294738.086,short,unknown
44,42,True,com.whatsapp,msg,True,13.072222,0.19853777,0.9829961700000001,0.2175557,0.66377854,1.1721717,-0.12899323000000001,1530461534738.086,4,afternoon,1,1530461954738.086,medium,unknown
45,41,True,com.whatsapp,unknown,False,-17.532902,-0.5878656,1.4205965,0.051086730000000004,-0.17277071,-0.39507177,-0.10902613400000001,1530464234738.086,4,afternoon,0,1530465674738.086,medium,unknown
46,20,False,com.whatsapp,unknown,False,-5.070508,0.014861661000000002,1.5943382,0.13838115,0.30867907,0.2911105,0.31741744,1530464594738.086,4,evening,-1,1530464654738.086,short,unknown
47,30,True,io.wia.wia,unknown,False,-9.479971,-1.0540586,2.9948907,2.1084367999999998,-0.37342325,-0.3831919,-0.05967452,1530465134738.086,4,evening,0,1530466514738.086,medium,unknown
48,59,True,com.Slack,unknown,False,-10.168321,0.45139465,0.42322776,-0.6851317,-0.37024897,0.54030806,1.587756,1530466394738.086,4,evening,0,1530467354738.086,medium,unknown
49,37,True,com.whatsapp,unknown,False,-11.431643,0.15336815,0.085275866,-0.23984504,0.041509267,-0.32953718,1.2894456,1530466454738.086,4,evening,0,1530466874738.086,medium,unknown
50,60,True,com.Slack,unknown,True,2.5599601,-0.058477473,0.51656675,-0.23183575,-0.55790496,0.45803207,0.68049717,1530466514738.086,4,evening,1,1530466694738.086,short,unknown
51,1,True,com.whatsapp,unknown,False,-4.0609336,-0.12746853,1.1953906,-0.7919512,0.09001082,0.4530382,-0.7180487999999999,1530466514738.086,4,evening,0,1530466994738.086,medium,unknown
52,63,True,com.whatsapp,unknown,False,-1.881897,-0.43447277,0.3973075,-0.5097824,-0.37789294,0.300448,0.4081845,1530469394738.086,4,evening,0,1530469694738.086,short,unknown
53,44,True,com.whatsapp,msg,True,3.475691,-0.45628104,0.76978743,-0.9211151999999999,0.08874127,0.8272784999999999,1.3145065,1530469874738.086,4,evening,1,1530470474738.086,medium,unknown
54,50,False,io.wia.wia,unknown,False,-18.634907,0.34991747,2.0368235,0.37831175,-0.03344818,-0.5995885,1.0706848,1530470174738.086,4,evening,0,1530470414738.086,short,unknown
55,52,True,com.whatsapp,unknown,False,-14.881832,1.2469244,0.11113236,-1.3952732,0.7683887500000001,0.3078494,2.5137668,1530471014738.086,4,evening,0,1530471554738.086,medium,unknown
56,51,True,com.whatsapp,unknown,False,-8.823004,0.11842158400000001,2.163492,0.61274034,-0.16184215,-0.77790874,-0.80366635,1530471854738.086,4,evening,0,1530471914738.086,short,unknown
57,6,True,com.whatsapp,unknown,False,10.162283,-0.26043594000000003,2.051466,-0.0785239,0.22313763,0.34526297,-0.10841326400000001,1530472034738.086,4,evening,0,1530474974738.086,long,unknown
58,9,False,com.google.android.googlequicksearchbox,unknown,False,1.3711183,-0.49566156,0.8865457999999999,0.622907,-1.1790439,-0.45016876,1.0639083,1530472214738.086,4,evening,0,1530472514738.086,medium,unknown
59,34,True,com.whatsapp,msg,False,17.351595,-0.060830180000000005,2.0624597,0.52191687,0.110563874,0.9489308999999999,-0.27278098,1530472634738.086,4,evening,1,1530475214738.086,long,unknown
60,21,True,com.Slack,unknown,True,-0.51145744,0.2968065,0.8753411,0.84662074,-0.4487793,0.15024759999999998,0.25483906,1530473294738.086,4,evening,1,1530474374738.086,medium,unknown
61,11,False,io.wia.wia,unknown,False,-7.834375,-0.33031356,1.995686,1.2518658999999999,-0.37687173,-0.10955517000000001,0.71330065,1530474854738.086,4,evening,0,1530474974738.086,short,unknown
62,13,True,com.whatsapp,unknown,True,-2.0848045,-1.2211801,1.9334357999999998,0.33674702,-0.42901143,0.37549788,-1.2228926,1530475394738.086,4,evening,1,1530475694738.086,short,unknown
63,36,True,com.whatsapp,unknown,False,-14.884491,0.2752171,1.979275,-0.29670906,0.15997165,0.94779295,1.4286511,1530475514738.086,4,evening,0,1530476654738.086,medium,unknown
64,35,True,com.whatsapp,unknown,False,-6.176222,-0.30066899999999996,1.8329192,0.6127619,-0.45480523,0.6249957700000001,-0.7532981,1530475514738.086,4,evening,0,1530476234738.086,medium,unknown
65,54,True,com.whatsapp,unknown,True,3.8515062,-1.2345786,1.4775738,0.46987534000000003,-0.684415,0.01904155,-0.03280163,1530476594738.086,4,evening,1,1530476714738.086,short,unknown
66,64,False,com.android.providers.downloads,msg,False,27.538315,-0.07205661000000001,1.3616664,0.90335053,-0.6900109600000001,0.4312273,0.7367444,1530477854738.086,4,evening,-2,1530481754738.086,long,unknown
67,23,False,io.wia.wia,unknown,False,-10.059614,0.27176636,1.8663983,0.7640863,-0.47348484,-0.8845156,1.026367,1530479654738.086,4,evening,0,1530479834738.086,short,unknown
68,28,True,com.whatsapp,unknown,False,-12.382875,0.59351957,0.565198,-0.57908666,0.16478725,-0.0059082694,-0.12586808,1530479714738.086,4,evening,0,1530480974738.086,medium,unknown
69,47,True,com.whatsapp,unknown,False,-14.675227,1.3622931999999999,0.88374513,0.28979996,0.5781994500000001,-0.49964193,-0.5801063,1530480434738.086,4,evening,0,1530480614738.086,short,unknown
70,32,True,com.whatsapp,unknown,False,5.4108453,-0.8010911,1.5291989,1.1964757,-0.15289149999999999,-0.14625129,-0.7266817,1530480614738.086,4,evening,0,1530480854738.086,short,unknown
71,65,False,com.bskyb.sportnews,unknown,False,-8.194443,-0.68585473,0.660897,0.25075662,-0.9264658,-0.16206741,1.4270037,1530482054738.086,4,evening,0,1530483194738.086,medium,unknown
72,113,False,com.android.providers.downloads,unknown,False,11.714321,0.39308816,0.8132787300000001,0.82229155,0.651216,0.41290465,0.32327333,1530495134738.086,5,night,-1,1530495134738.086,immediate,unknown
73,74,True,com.whatsapp,unknown,False,-5.0792947,0.9680755999999999,-1.0947217,-0.9307285,0.6334778999999999,0.5107552,1.3029231000000001,1530512774738.086,5,morn,0,1530513254738.086,medium,unknown
74,80,True,com.whatsapp,unknown,False,-9.827245,0.75069153,-0.13465792000000001,0.2756521,0.31477943,0.7864747999999999,0.89035463,1530513074738.086,5,morn,0,1530514814738.086,medium,unknown
75,89,True,com.whatsapp,unknown,False,-16.490837,2.1907527,0.5807089999999999,-0.1785804,0.31808749999999997,0.15388864,0.82976377,1530514094738.086,5,morn,0,1530514994738.086,medium,unknown
76,135,True,com.whatsapp,msg,False,1.1835296,0.83284885,-0.8456977999999999,0.61589724,0.79431695,1.0772512,0.7597775999999999,1530514154738.086,5,morn,1,1530515654738.086,medium,unknown
77,164,False,com.android.vending,unknown,False,8.26705,1.6880213,0.6332791,0.044482768000000006,1.6844165,0.32238927,1.7778672,1530514694738.086,5,night,-1,1530514994738.086,short,unknown
78,141,True,com.whatsapp,unknown,True,-10.146716,0.96948624,0.028671315000000003,-0.6170770999999999,0.6399100999999999,0.72379816,2.0856037,1530514874738.086,5,morn,0,1530515954738.086,medium,unknown
79,136,True,com.whatsapp,unknown,False,-7.9833293,0.6058376400000001,-0.45394343000000004,0.5762266500000001,0.80103785,1.5112811,1.5937728,1530515054738.086,5,morn,0,1530516554738.086,medium,unknown
80,197,True,io.wia.wia,unknown,False,-13.881006,1.6549804,0.4966133,-0.1926249,0.21241014,0.67781824,1.7984298,1530515234738.086,5,morn,0,1530515774738.086,medium,unknown
81,179,True,com.whatsapp,msg,False,-6.8337183,-0.887752,0.8068915999999999,0.44433639999999996,0.4087434,1.4321979,1.0476594,1530516254738.086,5,morn,1,1530517454738.086,medium,unknown
82,162,True,com.whatsapp,unknown,True,-13.44562,0.8527302999999999,-0.38330692,-0.33604613,1.1160362,-0.07519123,1.0776783,1530516554738.086,5,morn,1,1530518054738.086,medium,unknown
83,133,True,io.wia.wia,unknown,False,-13.798209,0.5103006999999999,1.502551,0.75706136,0.09062376600000001,0.7309437999999999,2.1745732,1530516914738.086,5,morn,0,1530518534738.086,medium,unknown
84,142,True,io.wia.wia,msg,True,-13.27874,0.75498027,0.95958376,1.5419133999999999,-0.2221369,0.30154297,1.2081766,1530517034738.086,5,morn,0,1530517154738.086,short,unknown
85,194,True,com.whatsapp,unknown,False,-7.6520176,2.3888173,-0.8213587,-0.5251760999999999,1.401438,-0.5279735,-0.46890017,1530517874738.086,5,morn,0,1530517934738.086,short,unknown
86,104,True,com.whatsapp,unknown,False,-8.95991,0.0050828670000000005,0.31209835,-0.041991299999999995,-0.012546957000000001,0.79869753,1.4625219999999999,1530520154738.086,5,morn,0,1530520274738.086,short,unknown
87,78,False,com.google.android.googlequicksearchbox,unknown,False,-0.71511316,0.39419216,0.2733465,0.14590934,-0.5707122,-0.13666457,0.99594223,1530520274738.086,5,morn,0,1530520514738.086,short,unknown
88,116,True,com.google.android.googlequicksearchbox,unknown,False,-15.614581,1.8850106,0.9716661999999999,0.6965308,-0.48647597000000004,0.8829446999999999,2.4188788,1530521174738.086,5,morn,0,1530521354738.086,short,unknown
89,72,True,io.wia.wia,unknown,False,-15.939239,0.3660097,0.61525375,-0.41801689999999997,0.04815292,0.659886,1.9206289,1530521594738.086,5,morn,0,1530523214738.086,medium,unknown
90,93,True,com.whatsapp,msg,False,-4.2778735,-0.6105954,0.57346445,0.22354349999999998,0.49558014,1.2188539999999999,1.1563773,1530522194738.086,5,morn,1,1530523694738.086,medium,unknown
91,103,False,com.whatsapp,unknown,False,-1.4887488,1.7081379,-0.6020613,0.4981634,0.5652883,0.22237149,0.17533907,1530522794738.086,5,morn,0,1530522854738.086,immediate,unknown
92,118,True,com.whatsapp,msg,False,-7.3722982,-0.052864812000000004,0.28539678,0.489815,0.34342474,1.0597489,1.2673997,1530522974738.086,5,morn,1,1530524354738.086,medium,unknown
93,110,False,com.google.android.googlequicksearchbox,unknown,False,-8.281353,0.9450984,0.7760747,-0.014418373000000002,-0.41851489999999997,-0.17897242,1.202124,1530523874738.086,5,morn,0,1530523874738.086,immediate,unknown
94,111,True,com.whatsapp,msg,False,-9.578237,1.8364737,0.01951737,1.0761416,0.20723587000000002,0.92704266,1.0625479,1530524234738.086,5,morn,0,1530524774738.086,medium,unknown
95,166,True,com.whatsapp,unknown,False,-11.073031,0.08531905000000001,-0.5283432,-0.7009508600000001,1.1662824,1.2711282,1.4280455,1530525134738.086,5,morn,2,1530525734738.086,medium,unknown
96,105,True,io.wia.wia,unknown,False,-21.68481,1.1384367,0.85501844,0.33030897,-0.33103869999999996,0.6180473,2.1563172,1530525914738.086,5,morn,0,1530526634738.086,medium,unknown
97,199,True,io.wia.wia,unknown,False,-9.665649,1.1014085,-0.077101916,-0.98095274,0.7862410999999999,0.59954166,2.2552716999999998,1530526094738.086,5,morn,0,1530527354738.086,medium,unknown
98,95,True,io.wia.wia,unknown,False,-9.426576,-0.49652424,0.9028063,1.5192115,0.16572212,0.98076683,1.4586402,1530526694738.086,5,morn,0,1530527834738.086,medium,unknown
99,176,True,com.whatsapp,unknown,False,-10.952928,1.5149853,-0.059618330000000004,-0.76450354,0.6183337999999999,0.78479546,2.4268353,1530527054738.086,5,morn,0,1530528854738.086,medium,unknown
100,177,True,com.whatsapp,msg,False,-0.55797005,-0.13751684,0.25938082,-0.5138655999999999,0.47212523,0.6875363600000001,1.3430132,1530527174738.086,5,morn,1,1530528494738.086,medium,unknown
101,155,True,io.wia.wia,msg,True,-7.3180676,0.2994564,1.2336506,0.84724015,-0.34565327,0.4344726,1.3573571,1530527654738.086,5,morn,0,1530529154738.086,medium,unknown
102,140,False,com.google.android.googlequicksearchbox,unknown,False,-2.082385,1.7058942,0.65817875,1.1706647000000001,-0.34886593,-0.25170818,0.49067536,1530528194738.086,5,morn,0,1530528494738.086,short,unknown
103,130,True,com.whatsapp,unknown,True,-12.757972,2.4300878,0.07642413,-1.0299844,0.5719626999999999,0.30843267,1.7201768,1530529334738.086,5,morn,0,1530531074738.086,medium,unknown
104,77,True,io.wia.wia,unknown,False,-16.842892,1.7781245,-0.15416884,-0.8182946,0.05639381,0.24443372,1.3672765,1530529634738.086,5,morn,0,1530529694738.086,short,unknown
105,143,False,com.google.android.googlequicksearchbox,unknown,False,0.47203982,1.4453425,0.46341908,-0.3131615,0.10804888600000001,0.3083646,1.8271993,1530530234738.086,5,morn,0,1530530714738.086,medium,unknown
106,109,True,io.wia.wia,unknown,False,-7.9691906,1.5105197000000001,-0.31334856,-0.44854823,0.36686579999999996,0.40101215,1.1382102,1530530354738.086,5,morn,0,1530531974738.086,medium,unknown
107,152,True,com.whatsapp,unknown,False,-6.9900006999999995,0.7664698400000001,0.78031594,0.23571196,-0.052997623,0.26911125,0.98649204,1530530654738.086,5,morn,0,1530532394738.086,medium,unknown
108,124,True,com.whatsapp,msg,False,-0.90648764,0.16680364,0.22932258,0.8752903,0.5758502,1.3354304,0.36422932,1530531314738.086,5,morn,1,1530532874738.086,medium,unknown
109,178,True,io.wia.wia,unknown,False,-11.803736,1.091864,-0.07237268,0.87821543,-0.18355463,0.7515921,1.1610681999999999,1530532574738.086,5,morn,0,1530532694738.086,short,unknown
110,146,True,com.whatsapp,unknown,False,-8.357179,0.8191010999999999,-0.13973022000000002,-1.9508972999999998,0.8003513,0.54002357,2.1095803,1530532754738.086,5,morn,0,1530533414738.086,medium,unknown
111,168,True,com.whatsapp,msg,False,-9.104499,0.90013754,0.4085138,-0.40706268,-0.109395534,0.5954598999999999,1.7935919999999999,1530533114738.086,5,afternoon,0,1530533294738.086,short,unknown
112,148,True,com.snapchat.android,msg,True,-3.2343743,1.6698157,0.8022366999999999,0.39953515,-0.2598386,0.6359287,1.4046735,1530533174738.086,5,afternoon,1,1530534494738.086,medium,unknown
113,134,True,com.whatsapp,unknown,False,-5.032449,0.012797738000000001,0.49635196000000004,0.07475744000000001,-0.11928508,0.31687109999999996,0.69132173,1530534794738.086,5,afternoon,0,1530535094738.086,short,unknown
114,149,True,com.whatsapp,msg,True,-7.0706215,1.1140345,1.1593641,-0.22748402,0.17504457,-0.05272645,1.8995765,1530535034738.086,5,afternoon,1,1530535814738.086,medium,unknown
115,75,True,io.wia.wia,unknown,False,-18.936226,-0.34630659999999996,2.2983818,2.2531316,0.18819875,0.062472954000000004,0.43969828,1530536654738.086,5,afternoon,0,1530536894738.086,short,unknown
116,145,True,com.whatsapp,unknown,True,1.6317059999999999,1.2794986,0.12065849000000001,0.14482301,-0.2800464,0.58912367,0.09461896,1530537194738.086,5,afternoon,1,1530538454738.086,medium,unknown
117,79,False,com.google.android.apps.maps,unknown,False,14.956455,-0.10938273,2.036044,0.52190924,1.6169326,-0.49590877,0.5134001,1530537194738.086,5,afternoon,-1,1530537434738.086,short,unknown
118,153,True,com.whatsapp,msg,True,4.9233522,-0.25978988000000003,0.8241862,0.12599441,0.21400191000000002,0.9199187999999999,1.3861517,1530538154738.086,5,afternoon,1,1530538634738.086,medium,unknown
119,196,True,com.whatsapp,unknown,False,0.91317475,0.27118212,0.55685467,-0.34968793,0.35821286,1.1142945,1.2408328,1530539054738.086,5,afternoon,1,1530539894738.086,medium,unknown
120,85,True,com.whatsapp,alarm,False,-5.4379272,-0.05833862,1.1530452,0.07146784,-0.15711091,0.6240072,2.1175132,1530539234738.086,5,afternoon,0,1530541994738.086,long,unknown
121,108,True,com.freeletics.lite,msg,True,24.507395,-0.052942976,1.3263884,0.43936634,0.60019404,1.3993176,0.8501506400000001,1530539354738.086,5,afternoon,1,1530539414738.086,short,unknown
122,160,False,com.google.android.googlequicksearchbox,unknown,False,10.668847,0.58153486,-0.2280151,-0.2652729,0.12650298000000001,-0.025737766000000002,0.95114136,1530539534738.086,5,afternoon,0,1530540614738.086,medium,unknown
123,161,False,com.google.android.googlequicksearchbox,unknown,False,1.1406436,0.6456296,0.8915614,-0.06635217,0.03533794,0.44306985,1.2199055,1530541754738.086,5,afternoon,0,1530541994738.086,short,unknown
124,120,True,com.whatsapp,msg,True,9.158161,1.180664,1.2287478,0.7831212,0.35091257000000003,0.79927963,-0.2572026,1530542534738.086,5,afternoon,1,1530544274738.086,medium,unknown
125,170,True,com.whatsapp,unknown,False,-9.604101,-0.55823886,0.322965,-0.0065578744,0.8216306600000001,0.48004159999999996,0.48937369999999997,1530542714738.086,5,afternoon,1,1530543494738.086,medium,unknown
126,180,True,com.whatsapp,msg,False,-3.0647578,0.88059825,0.38184807,-0.54288685,0.9619685,0.90596354,1.9437975,1530543374738.086,5,afternoon,1,1530543554738.086,short,unknown
127,88,True,com.whatsapp,alarm,False,-13.865472,-0.75441,2.4648735999999998,1.9791005,-0.66637987,-0.7868509,0.5528982,1530543434738.086,5,afternoon,0,1530543674738.086,short,unknown
128,184,True,com.whatsapp,unknown,False,-8.606456,-0.97281057,1.902832,2.6309366,0.22394091,-0.07933169600000001,-0.10518978500000001,1530543914738.086,5,afternoon,0,1530544034738.086,short,unknown
129,97,True,com.whatsapp,msg,True,-2.402122,1.9971869999999998,0.6127153,-0.12254833400000001,0.34676385,0.98104817,1.3101913,1530543914738.086,5,afternoon,0,1530544034738.086,short,unknown
130,144,False,com.facebook.orca,msg,False,12.167701,0.98226404,1.3754278,1.1176502,0.62696695,0.8268643,0.32628389999999996,1530544094738.086,5,afternoon,1,1530547694738.086,long,unknown
131,94,True,com.whatsapp,msg,False,6.0107574,0.20622751,0.9988056999999999,0.9745307999999999,-0.4321541,1.2195172,0.5958401600000001,1530544334738.086,5,afternoon,1,1530545054738.086,medium,unknown
132,193,True,com.whatsapp,msg,True,10.892815,1.6249449999999999,-0.013402659,-0.11283851,0.4275693,0.31865737,0.6129918,1530544694738.086,5,afternoon,1,1530544994738.086,medium,unknown
133,112,False,com.google.android.apps.maps,unknown,False,2.0074203,-0.24488079999999998,1.5950902,0.8251546999999999,0.77244955,-0.96582663,-0.15417908,1530545594738.086,5,afternoon,-1,1530552134738.086,long,unknown
134,158,False,io.wia.wia,unknown,False,-11.937513,0.8462204,1.5306935,0.8067573,-0.09618226,-0.19541899999999998,0.862718,1530545654738.086,5,afternoon,0,1530545774738.086,short,unknown
135,156,True,com.whatsapp,unknown,True,-1.1206757,0.81781685,-0.4761351,-0.45201877,0.9762717,0.6993197,0.5112443999999999,1530546794738.086,5,afternoon,1,1530548234738.086,medium,unknown
136,191,False,com.android.providers.downloads,unknown,False,10.384754,0.62394476,0.8400846,0.9964012999999999,0.45052889999999995,-0.33940202,0.79168814,1530548234738.086,5,afternoon,0,1530548354738.086,short,unknown
137,115,True,com.whatsapp,msg,False,6.5155115,0.9205129,0.7898301999999999,0.28045946,0.07853993000000001,1.0137641,1.0095367,1530548534738.086,5,afternoon,1,1530548954738.086,medium,unknown
138,117,False,com.android.providers.downloads,unknown,False,23.059048,0.47946244,1.0178437,2.305774,0.25960505,-0.46693924000000003,0.43249099999999996,1530548774738.086,5,afternoon,-2,1530548834738.086,short,unknown
139,183,True,com.snapchat.android,unknown,False,-7.371114,-0.58757883,0.8236433999999999,0.7690872,-0.4681922,0.23749143,0.9860256,1530549194738.086,5,afternoon,0,1530549254738.086,short,unknown
140,92,True,com.whatsapp,msg,False,5.52768,0.9638253999999999,1.3803923999999999,-0.473078,0.8264693,0.8477707,1.7626678,1530549194738.086,5,afternoon,1,1530549974738.086,medium,unknown
141,182,True,com.whatsapp,msg,False,22.96335,1.3843864,0.9136907,1.1389949,0.50249535,0.9047597,-0.7709385,1530549554738.086,5,afternoon,1,1530550994738.086,medium,unknown
142,195,True,com.whatsapp,unknown,False,-5.915434,0.039080452,1.9255962,1.7707950000000001,0.2870413,-0.29094312,-0.2334201,1530549554738.086,5,afternoon,0,1530554714738.086,long,unknown
143,167,False,com.whatsapp,unknown,False,2.8177377999999997,-0.36430684,2.15484,1.4472071,-0.0074214300000000006,-0.81105894,-0.9752246999999999,1530550454738.086,5,afternoon,0,1530553334738.086,long,unknown
144,82,False,com.google.android.googlequicksearchbox,unknown,False,11.266955,0.44544348,-0.08898818500000001,1.2268255,-0.08458678400000001,-0.7701708700000001,-0.20017225,1530550514738.086,5,afternoon,0,1530550574738.086,short,unknown
145,154,False,com.facebook.orca,msg,False,23.470196,-0.008953742,1.4021173,1.9818695,-0.34970382,0.6386121,-0.16304573,1530551954738.086,5,evening,-2,1530558674738.086,long,unknown
146,159,True,com.whatsapp,unknown,False,0.51427513,2.3318715,0.53562784,0.40266955,0.90569276,0.24019857,-0.2603205,1530553334738.086,5,evening,1,1530553514738.086,short,unknown
147,128,True,com.whatsapp,unknown,False,-3.3966734,0.8113616,1.2335833,-0.32381323,0.12327143500000001,0.9619388,1.4776759,1530553334738.086,5,evening,0,1530553514738.086,short,unknown
148,121,False,com.whatsapp,unknown,False,7.744217,0.90203017,1.1629071,0.37699616,0.92200917,0.275436,0.13177232,1530553814738.086,5,evening,0,1530553994738.086,short,unknown
149,200,True,com.whatsapp,msg,False,-0.916972,-0.6944156,2.064744,0.6892463600000001,-0.24758704,0.21894218000000001,0.92859703,1530553934738.086,5,evening,1,1530554594738.086,medium,unknown
150,198,True,com.whatsapp,unknown,False,-0.101503484,1.8949779,1.1195225,1.519673,0.71148825,0.0657098,0.29718247000000003,1530554174738.086,5,evening,0,1530554234738.086,immediate,unknown
151,114,True,com.whatsapp,unknown,False,-3.395069,0.95856076,0.99316907,-0.88117933,0.4251735,0.5745441,1.4361207,1530555134738.086,5,evening,0,1530556754738.086,medium,unknown
152,201,True,com.whatsapp,msg,False,10.292817,1.3776281,0.4180974,-0.26635939999999997,1.9348667,0.43139259999999996,1.0138339,1530555134738.086,5,evening,1,1530556934738.086,medium,unknown
153,76,True,com.whatsapp,msg,True,21.320543,0.7198865,0.1901454,-0.24198076000000002,0.54797035,0.28224108000000003,1.0130183,1530555374738.086,5,evening,1,1530557114738.086,medium,unknown
154,106,False,io.wia.wia,unknown,False,-12.15615,1.0543635,0.40951267,0.030182678,0.3474325,0.59517103,2.0235784,1530556394738.086,5,evening,0,1530558014738.086,medium,unknown
155,157,True,com.google.android.googlequicksearchbox,unknown,False,2.5910146,0.19928563,0.19909507,0.12562925,-0.26223496,0.1775117,2.0351274,1530557114738.086,5,evening,0,1530557654738.086,medium,unknown
156,127,False,com.whatsapp,unknown,False,1.4518346,1.5411427999999998,1.5976865,0.42161056,0.8503561,-0.12963948,0.9539034999999999,1530557174738.086,5,evening,0,1530557354738.086,short,unknown
157,126,False,com.whatsapp,unknown,False,13.673857,0.7848025,0.49263477,-0.18433946,1.6705977,0.7611563,2.008677,1530557174738.086,5,evening,0,1530557474738.086,short,unknown
158,119,True,com.whatsapp,unknown,False,-15.394761,1.6183217,-0.07030732,-1.0797724,1.2967054,0.38852265,2.6522593,1530557234738.086,5,evening,0,1530558434738.086,medium,unknown
159,96,True,com.oneplus.deskclock,unknown,False,0.48678046,1.2445462,0.010814834,1.5510476,0.5759714,0.28012672,0.5450568,1530557774738.086,5,evening,0,1530559574738.086,medium,unknown
160,186,True,com.whatsapp,unknown,False,3.7625216999999997,0.46992847,-0.0065161064,0.9716423,0.4571263,-0.23856446,0.2693314,1530557834738.086,5,evening,1,1530558854738.086,medium,unknown
161,185,False,com.whatsapp,unknown,False,3.5589370000000002,-0.48933986,1.9585314999999999,1.378382,0.15132299999999999,0.47080562000000004,-0.77560425,1530557894738.086,5,evening,0,1530557954738.086,immediate,unknown
162,175,True,com.whatsapp,unknown,False,-8.898159,0.16641608,2.6718774,1.0753144,-0.13483673000000002,-0.49015602,-0.9444832,1530557954738.086,5,evening,1,1530561674738.086,long,unknown
163,107,True,com.whatsapp,msg,True,15.796639,-0.13604726,1.5512346,-0.5815604,1.0546253,1.1124277,0.8544104,1530558074738.086,5,evening,1,1530559214738.086,medium,unknown
164,173,False,com.whatsapp,unknown,False,3.8792915,1.4767207,1.3337373,1.13626,0.88558125,-0.4219788,0.18286802,1530558494738.086,5,evening,0,1530558794738.086,short,unknown
165,73,True,com.whatsapp,unknown,False,-10.12139,0.04542474,2.8297849,1.6661701999999998,0.06420866,0.44608983,-1.0637958,1530558554738.086,5,evening,0,1530563894738.086,long,unknown
166,122,True,com.whatsapp,msg,False,7.6957383,0.7578279,0.99916595,-0.27192318,1.09023,0.50438595,0.41756505,1530558794738.086,5,evening,1,1530560114738.086,medium,unknown
167,171,True,com.whatsapp,msg,False,-12.490363,0.06078753,1.7893069,2.1481013,0.32152066,0.581348,-0.05537458,1530559514738.086,5,evening,0,1530561074738.086,medium,unknown
168,129,True,io.wia.wia,unknown,False,-10.056591,1.4490558,0.67755073,-0.3441433,0.7034959,0.90161353,2.4873395,1530559694738.086,5,evening,0,1530560294738.086,medium,unknown
169,90,True,com.whatsapp,unknown,False,-13.373565,-0.43604509999999996,2.1384716,0.44345429999999997,-0.13556787,-0.12910283,0.44477263,1530559694738.086,5,evening,1,1530560714738.086,medium,unknown
170,100,True,io.wia.wia,msg,True,-4.868416,0.18981357000000001,1.8906249,0.73906624,-0.25090542,0.5508767999999999,2.1460998,1530559874738.086,5,evening,0,1530560354738.086,medium,unknown
171,181,False,com.whatsapp,unknown,False,-4.174259,-0.0449558,1.2388669,0.18551489999999998,-0.1510481,-0.23148596000000002,-0.02131303,1530559874738.086,5,evening,0,1530559994738.086,short,unknown
172,174,True,com.google.android.googlequicksearchbox,unknown,False,3.21354,0.94441545,-0.030315228000000003,-1.3728962,0.5425476,0.08014995,2.3359766,1530560474738.086,5,evening,0,1530561014738.086,medium,unknown
173,101,True,com.google.android.googlequicksearchbox,msg,True,17.580008,0.7941842,-0.08565997,0.5306369,-0.18958728,0.13517255,0.9002444,1530561074738.086,5,evening,1,1530562754738.086,medium,unknown
174,150,False,com.whatsapp,unknown,False,-0.905712,0.7857191,1.786144,0.3634571,0.2823198,-0.17826667000000002,0.80417925,1530561254738.086,5,evening,0,1530561254738.086,immediate,unknown
175,169,False,com.whatsapp,unknown,False,-10.6376505,1.2910194,-0.64721286,-1.7881000999999999,0.71656936,0.26771194,2.155677,1530561554738.086,5,evening,0,1530562874738.086,medium,unknown
176,138,True,io.wia.wia,unknown,False,-10.9145565,0.45491835,1.0220876,0.17849207,0.40635383,0.5580334,0.8825759999999999,1530561974738.086,5,evening,0,1530562634738.086,medium,unknown
177,190,True,com.whatsapp,unknown,False,-6.220597,-0.07418097,1.5043484,0.20002261000000002,-0.3853195,1.3380367,-0.10879046,1530562034738.086,5,evening,0,1530562814738.086,medium,unknown
178,102,False,com.facebook.orca,msg,False,8.682615,0.024702681,1.208004,2.0039952,-0.0034293942,0.5271682999999999,0.79873866,1530562094738.086,5,evening,-2,1530562094738.086,immediate,unknown
179,147,True,com.whatsapp,msg,False,10.01006,0.27811292,1.5693877,-0.011358134,0.27465338,-0.10546069999999999,1.2824986,1530562154738.086,5,evening,1,1530562934738.086,medium,unknown
180,137,True,com.whatsapp,msg,True,7.783656,0.8932804999999999,1.5166520000000001,1.4770107,-0.50002897,1.2568396,0.320812,1530562874738.086,5,evening,1,1530563234738.086,medium,unknown
181,98,True,com.whatsapp,unknown,False,18.899904,1.9795598,0.59416527,0.58840007,1.3835007,0.12599441,0.18487136,1530562934738.086,5,evening,1,1530563174738.086,short,unknown
182,192,True,io.wia.wia,unknown,False,-7.631225,1.1833996,1.2256821,1.0439483,0.12972723,0.99077415,1.6374388999999998,1530563174738.086,5,evening,0,1530564554738.086,medium,unknown
183,187,True,com.whatsapp,msg,False,14.252345,0.3710032,0.84524214,-0.12721659999999999,1.2852143,0.78788126,1.740105,1530563534738.086,5,evening,1,1530563834738.086,short,unknown
184,84,True,com.whatsapp,msg,False,4.3082767,0.49554299999999996,0.8967813,-0.94091094,0.6714413,0.21801153,1.6561419,1530563894738.086,5,evening,1,1530565454738.086,medium,unknown
185,188,True,com.whatsapp,unknown,False,-2.6908602999999998,0.5738525999999999,2.271295,1.3949152,1.160582,0.2969481,-0.689515,1530564134738.086,5,evening,1,1530567734738.086,long,unknown
186,123,False,com.whatsapp,unknown,False,-6.4140987,1.7612404,0.34491879999999997,-0.23459342,0.8491432999999999,0.26736063,1.0168546,1530564194738.086,5,evening,0,1530564434738.086,short,unknown
187,172,False,com.whatsapp,unknown,False,2.5951551999999998,0.774909,1.3257889,0.90393806,0.92591584,0.26280412000000003,-0.23509496,1530564434738.086,5,evening,0,1530564494738.086,immediate,unknown
188,81,True,com.whatsapp,msg,False,15.930975,0.70403165,0.76457816,0.0622273,0.35628414,0.07741284,1.7593998,1530564494738.086,5,evening,1,1530565694738.086,medium,unknown
189,91,True,com.whatsapp,unknown,False,-16.25733,-0.14778732,1.8415876999999998,0.7329002,-0.08165383,0.1304699,1.1208843,1530565334738.086,5,evening,1,1530566534738.086,medium,unknown
190,151,True,com.whatsapp,unknown,False,13.773217,1.1281343,-0.22552502,0.2148574,0.81696546,0.0020278357,0.84177935,1530565934738.086,5,evening,2,1530566894738.086,medium,unknown
191,86,False,com.facebook.orca,msg,False,16.787964,0.32694057,1.1243914,2.559116,-0.28849968,-0.19450578000000002,0.037591875000000004,1530566354738.086,5,evening,-2,1530566414738.086,immediate,unknown
192,202,False,com.google.android.googlequicksearchbox,unknown,False,15.4377775,-0.27123514,1.1315027,0.7912703999999999,0.7052501,-1.0753529,0.06859172,1530566654738.086,5,evening,-2,1530566834738.086,short,unknown
193,189,False,com.google.android.googlequicksearchbox,unknown,False,7.1805515,-0.3151702,1.4670372999999999,0.9934934400000001,0.042931598,-1.366813,0.17405418,1530567134738.086,5,evening,0,1530567194738.086,short,unknown
194,139,True,io.wia.wia,msg,True,-1.3528959,0.7725204,0.24705857,0.20764932,0.15646404,0.5931811,1.3329201,1530567134738.086,5,evening,1,1530567854738.086,medium,unknown
195,163,True,com.facebook.orca,msg,False,10.939702,1.1542029,0.29664573,2.0220797,0.32758933,0.16100676,0.29686686,1530568094738.086,5,evening,0,1530569714738.086,medium,unknown
196,83,True,com.whatsapp,unknown,False,-9.160081,-0.780859,2.6108387,2.749936,0.37753996,1.0313482,-0.8006833999999999,1530568214738.086,5,evening,0,1530569414738.086,medium,unknown
197,87,False,com.google.android.googlequicksearchbox,unknown,False,6.641941,0.1731006,0.8254693,0.3744327,0.14830111,-0.83995354,0.22721049999999998,1530568214738.086,5,evening,0,1530568274738.086,short,unknown
198,131,False,com.android.vending,unknown,False,1.4032806,0.5776091,1.6043720000000001,1.256866,0.80985326,-0.5094172,0.56330335,1530568454738.086,5,evening,0,1530568634738.086,short,unknown
199,99,True,com.whatsapp,msg,False,7.652407,2.0095446,1.4057939,0.45241237,1.6831149,0.4350147,0.73485416,1530568514738.086,5,evening,1,1530569114738.086,medium,unknown
200,125,True,com.whatsapp,unknown,True,2.4432054,0.43232077,0.42557555,-0.69130176,-0.31060553,0.39417648,0.97817135,1530568574738.086,5,evening,1,1530569714738.086,medium,unknown
201,165,True,com.google.android.googlequicksearchbox,unknown,False,0.10179471,0.05137165,0.88524747,0.10269367,-0.34357882,0.06653863,2.0980172,1530568574738.086,5,evening,0,1530569894738.086,medium,unknown
202,132,True,com.whatsapp,msg,False,-6.0771046,1.2408876,2.3371692,1.98581,0.8164741999999999,-0.063150525,-0.57991165,1530568754738.086,5,evening,1,1530569174738.086,medium,unknown
203,206,False,com.android.providers.downloads,unknown,False,18.401735,0.15400129999999998,0.7289901999999999,-0.57264316,0.70589393,-0.09954426,0.4470277,1530581474738.086,6,night,-2,1530581474738.086,immediate,unknown
204,207,False,com.android.providers.downloads,unknown,False,23.10131,0.13247657000000002,0.56481725,0.21703145000000001,0.48727506000000004,0.14493582,-1.079461,1530582494738.086,6,night,0,1530582794738.086,short,unknown
205,293,False,com.google.android.googlequicksearchbox,unknown,False,36.102985,0.34986252,0.7401907400000001,0.16564089,0.13585846000000001,-0.47597477,0.55933577,1530585494738.086,6,night,0,1530585614738.086,short,unknown
206,209,False,com.whatsapp,unknown,False,-1.3085556,0.37730423,0.44036922,-0.76156855,0.14622508,1.0119977,1.0717311999999999,1530595994738.086,6,night,-1,1530596534738.086,medium,unknown
207,264,False,com.freeletics.lite,unknown,False,36.206112,1.5536292,-0.11438421,0.041959174,1.2911104,-0.13146862,0.6941554,1530597614738.086,6,night,1,1530598214738.086,medium,unknown
208,235,False,com.whatsapp,unknown,False,3.9699392,-0.14787617,-0.6172824,-0.2922821,0.037730943,0.3847964,1.3494468,1530597674738.086,6,morn,2,1530598214738.086,medium,unknown
209,318,True,com.whatsapp,unknown,False,0.62107235,-0.28004766000000003,1.1433737,-0.18159598,0.7483393500000001,0.8218977,-0.16997424,1530597794738.086,6,morn,1,1530598634738.086,medium,unknown
210,224,False,com.android.providers.downloads,unknown,False,27.231598,0.26828435,0.95200104,0.25700098,1.2528995,-0.1649954,-0.08710562000000001,1530598574738.086,6,night,-2,1530598634738.086,immediate,unknown
211,256,False,com.android.providers.downloads,msg,False,23.296988,0.35824429999999996,2.1633687,0.7790615,1.1866509,1.0563278,-0.7363436999999999,1530599474738.086,6,morn,0,1530606494738.086,long,unknown
212,286,True,com.freeletics.lite,unknown,False,39.152115,0.5366231,0.5622296999999999,-0.61829394,-0.0012952276000000001,0.28995797,0.3565293,1530599654738.086,6,morn,1,1530600194738.086,medium,unknown
213,249,False,com.android.providers.downloads,unknown,False,13.209066,-0.5289806,1.2185179,-0.49306238,-0.012694318000000001,-0.61387855,0.45867589999999997,1530600194738.086,6,night,-1,1530600314738.086,short,unknown
214,240,False,com.whatsapp,unknown,False,-21.7533,-0.46667734,0.44795313000000003,-0.22407058,0.7718457,0.9983991999999999,0.30766246,1530600614738.086,6,morn,0,1530600914738.086,medium,unknown
215,242,False,com.android.providers.downloads,unknown,False,13.540619,-0.36043957,1.2407992,-0.10289682,0.8403904400000001,-0.10518162,0.84625715,1530600854738.086,6,night,0,1530601154738.086,short,unknown
216,302,True,com.whatsapp,unknown,False,-11.668643,0.07587406000000001,-0.44220329999999997,0.2220672,0.9596927999999999,0.64834064,0.83787435,1530601094738.086,6,morn,0,1530601994738.086,medium,unknown
217,234,False,com.android.providers.downloads,unknown,False,31.761068,0.06997421,1.7999231,0.6155052,0.6614213600000001,0.35079977,-0.86171275,1530601454738.086,6,morn,-2,1530601454738.086,immediate,unknown
218,204,False,com.whatsapp,unknown,False,2.4603767,-0.7974323600000001,0.4234093,0.61218435,-0.8346463,0.47989455000000003,0.41436616,1530601574738.086,6,morn,0,1530602414738.086,medium,unknown
219,321,False,com.facebook.orca,unknown,False,21.993053,1.0278738,-0.2189016,0.76588583,-0.49421605,0.10298315,-0.6954355,1530602654738.086,6,morn,-2,1530604214738.086,medium,unknown
220,323,False,com.android.providers.downloads,service,False,42.915882,0.35322186,0.8295030999999999,0.25360286,0.046258133,-0.00599638,-0.56253135,1530602774738.086,6,morn,-2,1530604574738.086,medium,unknown
221,258,False,com.whatsapp,unknown,False,-9.033867,-0.09249009999999999,-0.59785753,-0.9689776,0.5652919,0.63876593,0.5848392,1530603434738.086,6,morn,-1,1530603794738.086,medium,unknown
222,276,True,com.whatsapp,unknown,False,-1.4432347,-0.37067538,-0.71642286,-0.41810325,-0.013833690000000001,0.6871376,0.9040465999999999,1530603794738.086,6,morn,0,1530605114738.086,medium,unknown
223,243,True,com.whatsapp,unknown,False,-6.343013,-0.6043529999999999,1.7056843,1.836611,0.11198526600000001,0.5312650999999999,-0.7272989,1530604334738.086,6,morn,0,1530605954738.086,medium,unknown
224,281,False,com.facebook.orca,unknown,False,15.932831,-0.7588551,0.8611102700000001,0.48934758,-1.5939426,0.5361950999999999,-0.34640673,1530604334738.086,6,morn,0,1530605474738.086,medium,unknown
225,284,False,com.bskyb.sportnews,unknown,False,-9.806851,-0.6597951,0.2859453,0.5223768,0.0034950636000000003,0.5481071,1.0426084,1530605594738.086,6,morn,0,1530607334738.086,medium,unknown
226,229,False,io.wia.wia,unknown,False,-6.3079824,0.73180115,0.16623524,0.56298727,-0.11151658,-0.37891924,0.35470462,1530606554738.086,6,morn,0,1530607454738.086,medium,unknown
227,238,False,com.whatsapp,unknown,False,4.047486,-0.7678436,0.6602255,-0.79003185,-0.8484020999999999,0.6186912999999999,0.15905952,1530607214738.086,6,morn,0,1530607574738.086,medium,unknown
228,310,False,com.google.android.googlequicksearchbox,unknown,False,27.687862,0.6375557,-0.12396609,-0.78880215,0.23549597,-0.6107178999999999,0.5173196,1530607454738.086,6,morn,-2,1530608354738.086,medium,unknown
229,252,False,com.whatsapp,unknown,False,-13.2445965,0.11668016,0.17551735000000002,-0.95223737,0.64180666,1.3360618,1.8741506,1530607754738.086,6,morn,0,1530609074738.086,medium,unknown
230,255,True,com.whatsapp,unknown,False,-22.268518,0.47493148,0.31948692,0.65593237,1.3441944000000001,0.6330336,1.7756086999999998,1530607814738.086,6,morn,0,1530608654738.086,medium,unknown
231,217,False,com.android.providers.downloads,unknown,False,25.066513,0.4812506,0.3520859,-0.010502778,0.20699547000000001,-0.47449568000000003,0.7750613,1530608594738.086,6,morn,-2,1530608654738.086,immediate,unknown
232,265,True,com.whatsapp,unknown,False,-17.651398,0.35294193,0.07600016,-0.07217578,0.6370015,0.8689866700000001,1.5980167,1530609074738.086,6,morn,0,1530610334738.086,medium,unknown
233,266,False,com.android.providers.downloads,service,False,34.125587,0.11361726400000001,0.5034166,-0.010122411000000001,-0.27687368,-0.39532533000000003,0.14879087,1530610094738.086,6,morn,-2,1530610694738.086,medium,unknown
234,274,False,com.whatsapp,unknown,False,2.4488373,-0.34706506,0.82361555,-0.7800266,0.015885454,1.1192032,0.810685,1530610334738.086,6,morn,2,1530610874738.086,medium,unknown
235,216,False,com.bskyb.sportnews,unknown,False,-8.12451,-0.5952628999999999,0.7165125,1.4210826,-0.42573259999999996,-0.11938405,1.0293376,1530610394738.086,6,morn,0,1530610754738.086,medium,unknown
236,298,False,com.google.android.googlequicksearchbox,unknown,False,14.688589,-0.34385785,-0.40990046,-1.3922911,-1.7137668,0.03156444,0.47941747,1530610934738.086,6,morn,0,1530611294738.086,medium,unknown
237,223,False,com.whatsapp,unknown,False,12.367203,0.07710366,0.30991945,-0.8182215700000001,1.3333924,0.8734881999999999,0.4220678,1530611174738.086,6,morn,0,1530611654738.086,medium,unknown
238,313,False,com.android.vending,unknown,False,-4.794849,-1.0907257,0.12507519,-0.13509807000000001,0.13150321,0.46347449999999996,0.6653806999999999,1530611534738.086,6,morn,0,1530613214738.086,medium,unknown
239,233,True,com.whatsapp,unknown,False,-0.44567478,-0.93944114,1.1011988,0.08283976500000001,-0.46779355,0.45699444,0.23008648,1530611594738.086,6,morn,1,1530612194738.086,medium,unknown
240,303,False,com.whatsapp,unknown,False,14.717521,0.0124237845,1.6781801,-0.17656726,1.0120245,1.0498874,-0.62174183,1530611894738.086,6,morn,0,1530613634738.086,medium,unknown
241,290,False,com.android.providers.downloads,unknown,False,10.566985,1.23234,-0.43968374,0.0008354373000000001,0.4447577,-0.6663977999999999,-0.21411893,1530613454738.086,6,morn,0,1530613634738.086,short,unknown
242,311,False,com.android.providers.downloads,unknown,False,6.727211,-0.7480557,0.20978099,-1.0293725,-0.22608094,-0.5321177,-0.18828487,1530613694738.086,6,morn,0,1530614474738.086,medium,unknown
243,244,True,com.whatsapp,unknown,False,2.0580444,0.16570503,-0.17787218,0.7166686999999999,-0.5524916,-0.20411006,0.21102849,1530614354738.086,6,morn,0,1530615194738.086,medium,unknown
244,211,True,com.whatsapp,unknown,False,19.996677,1.0482041,0.27708226,-0.21685961,1.0422895,0.7498961,0.33043918,1530614774738.086,6,morn,1,1530615074738.086,medium,unknown
245,237,False,com.whatsapp,unknown,False,0.82674146,-0.45543244,1.889311,1.1541853,0.09257783,0.5273467,-1.0893103,1530615374738.086,6,morn,0,1530615974738.086,medium,unknown
246,294,False,com.android.providers.downloads,unknown,False,30.062452,0.48608559999999995,1.0011055,-0.2549727,0.8204176400000001,-0.3546529,-0.09902509999999999,1530616214738.086,6,morn,-2,1530616274738.086,immediate,unknown
247,227,True,com.whatsapp,unknown,False,2.5317376,0.043281972,0.08235926,-0.56813693,-0.012610991,0.8053866,-0.198562,1530617234738.086,6,morn,0,1530617774738.086,medium,unknown
248,261,False,com.whatsapp,unknown,False,-10.283047,-0.55653965,-0.9903204999999999,-1.2974494,1.3300817999999999,1.0874747,0.3460341,1530617534738.086,6,morn,0,1530618134738.086,medium,unknown
249,248,False,com.facebook.orca,unknown,False,2.4188442,-0.5179889999999999,-0.40782082000000003,-0.19477886,-0.18333055,0.41816965,-0.014231939,1530618974738.086,6,morn,0,1530620234738.086,medium,unknown
250,225,False,com.whatsapp,unknown,False,5.579089,1.9015406,-0.13693726,0.6932676,0.8190883999999999,-0.055089016000000005,-0.7440116,1530619634738.086,6,afternoon,0,1530619814738.086,short,unknown
251,222,False,com.google.android.googlequicksearchbox,unknown,False,8.366582,-0.122786716,0.02684427,-0.7218342999999999,-0.74541444,0.2642679,0.26582745,1530619694738.086,6,afternoon,0,1530620054738.086,medium,unknown
252,307,False,com.whatsapp,unknown,False,-8.789479,0.7324235,-0.31555396,-1.3524654,0.9213566,1.3244894,1.4256871,1530619694738.086,6,afternoon,1,1530620714738.086,medium,unknown
253,208,False,com.whatsapp,unknown,False,6.5764604,0.5577740999999999,-0.12679195000000001,1.4162028,-0.4079874,0.017095115,-1.1204447,1530620054738.086,6,afternoon,0,1530620654738.086,medium,unknown
254,270,False,com.whatsapp,unknown,False,-9.1182,0.46122536000000003,0.9812916500000001,-0.7983938500000001,0.68009746,1.4800206,1.5097458000000001,1530620054738.086,6,afternoon,-1,1530620354738.086,short,unknown
255,220,False,com.whatsapp,unknown,False,10.112948,0.41788706000000003,0.36498126000000003,-0.6850974,0.4314597,1.0505902,1.0174087,1530620834738.086,6,afternoon,0,1530622094738.086,medium,unknown
256,263,False,com.google.android.googlequicksearchbox,unknown,False,7.922827,0.010674332,0.09627934,-1.0658354,-0.47590056000000003,-0.4844804,0.018368546,1530621254738.086,6,afternoon,0,1530621494738.086,short,unknown
257,226,True,com.whatsapp,unknown,False,-7.9892900000000004,-0.38128155,0.64781654,-0.7673945999999999,-0.28067777,1.3174839,1.4448471,1530621554738.086,6,afternoon,1,1530622994738.086,medium,unknown
258,282,False,com.facebook.orca,unknown,False,12.978388,0.28748932,1.7026607,0.5174482,0.38067573,0.55871797,0.4376527,1530622394738.086,6,afternoon,0,1530627434738.086,long,unknown
259,315,False,com.whatsapp,unknown,False,12.879502,-0.49356099999999997,1.3985164,-0.5133396,-0.24209441,0.41716585,1.2806704,1530623834738.086,6,afternoon,0,1530623954738.086,short,unknown
260,275,True,com.whatsapp,unknown,False,-14.852702,0.97936445,0.010372424,-0.87422603,0.9491796,0.23487091000000002,0.38142353,1530625094738.086,6,afternoon,0,1530625274738.086,short,unknown
261,291,False,com.google.android.googlequicksearchbox,unknown,False,7.392001,2.1108618,0.5829561400000001,0.05139351,1.3557945,0.9370377,1.331377,1530625454738.086,6,afternoon,0,1530625634738.086,short,unknown
262,273,False,com.whatsapp,unknown,False,-10.901111,0.28670815,1.7600753999999998,0.23404494,0.42689079999999996,1.5857542,1.0486733,1530626174738.086,6,afternoon,-1,1530626474738.086,short,unknown
263,257,True,com.whatsapp,unknown,False,-10.481529,0.62429637,1.8781271,-0.40944707,0.28828539999999997,1.2497897,2.032891,1530626654738.086,6,afternoon,1,1530627194738.086,medium,unknown
264,215,False,com.google.android.googlequicksearchbox,unknown,False,24.637249,0.34145339999999996,0.41241214,0.56012756,-0.07491806,-0.51858145,-0.28485146,1530627614738.086,6,afternoon,0,1530627854738.086,short,unknown
265,297,False,com.whatsapp,unknown,False,-5.40857,1.3836882,-0.13170052000000002,-0.08318432,0.38369927,0.18067193,-1.1143142,1530629054738.086,6,afternoon,0,1530630494738.086,medium,unknown
266,210,False,com.android.incallui,msg,False,30.424597,0.6607913,0.4462699,0.7046361999999999,0.038637232,0.579113,-0.5099073,1530629534738.086,6,afternoon,0,1530630854738.086,medium,unknown
267,232,True,com.whatsapp,msg,False,11.850333,1.5743661,0.5095489,0.12942246,0.8391194,0.46598095,1.0176265,1530630434738.086,6,afternoon,1,1530630734738.086,short,unknown
268,319,False,com.whatsapp,unknown,False,9.726849,-0.7956125,1.9624603999999999,0.67515206,-0.85426,0.4433699,0.1341113,1530630854738.086,6,afternoon,0,1530635894738.086,long,unknown
269,203,True,com.whatsapp,unknown,False,-3.8370967,-1.2882582999999999,3.048978,1.2219276,0.06335469,-0.41995713,-1.394947,1530630854738.086,6,afternoon,0,1530636674738.086,long,unknown
270,306,False,com.facebook.orca,unknown,False,10.559518,0.32120436,0.6132385,0.14943126,-0.12781972,0.6142002,0.38173333,1530631154738.086,6,afternoon,0,1530632414738.086,medium,unknown
271,245,False,com.whatsapp,unknown,False,-11.62505,-0.045225404000000004,0.038501855,-0.9227208,0.38827926,1.395405,0.83080757,1530632054738.086,6,afternoon,0,1530633254738.086,medium,unknown
272,305,True,com.whatsapp,unknown,False,5.4464765,0.36637264,0.89922607,-0.36766762000000003,1.5875667,1.0036172,0.97040296,1530632174738.086,6,afternoon,1,1530633974738.086,medium,unknown
273,280,True,com.whatsapp,unknown,False,-17.747337,-1.115262,1.3945173,1.671643,0.6598902,0.42005175,0.45975873,1530632474738.086,6,afternoon,0,1530632534738.086,short,unknown
274,259,True,com.whatsapp,unknown,False,-1.5995088,-0.75815105,1.103498,-0.9376275,-0.6388195,1.0653515,1.3424046,1530632594738.086,6,afternoon,1,1530633374738.086,medium,unknown
275,304,True,com.whatsapp,unknown,False,-7.3300657,-1.2897747,1.5986367000000001,1.4708266,-0.16151796000000002,0.8371472,0.47850382,1530632594738.086,6,afternoon,0,1530633614738.086,medium,unknown
276,228,True,com.whatsapp,unknown,False,-14.077727,-1.1820582,1.6726295,1.6166348,0.5254533,0.6993353999999999,-0.46222678,1530633434738.086,6,afternoon,0,1530634694738.086,medium,unknown
277,236,False,com.whatsapp,unknown,False,-6.7290963999999995,0.8110018999999999,0.67598057,-0.5909515,0.17381729999999998,1.3585349,0.8159182700000001,1530633674738.086,6,afternoon,0,1530633734738.086,short,unknown
278,296,False,com.whatsapp,unknown,False,-15.952913,-0.45258254000000003,0.54825234,-0.3812099,0.72093236,1.5253341,1.297801,1530634694738.086,6,afternoon,0,1530635474738.086,medium,unknown
279,285,False,com.whatsapp,unknown,False,-5.2466526,0.9913839,-0.5153603,-0.8079919999999999,1.653146,0.6601410999999999,0.7320683,1530634754738.086,6,afternoon,-1,1530635534738.086,medium,unknown
280,316,False,com.android.providers.downloads,unknown,False,5.4898109999999996,-0.27757275,1.2222248,0.12369474,0.8961589999999999,0.59948945,-0.57401925,1530635114738.086,6,afternoon,0,1530638534738.086,long,unknown
281,283,True,com.whatsapp,unknown,False,-10.816053,0.70809174,-0.47046018,-0.2838379,1.0111706,0.34635875,-0.39586133,1530636674738.086,6,afternoon,0,1530637994738.086,medium,unknown
282,279,False,com.whatsapp,unknown,False,-18.066462,-0.35668644,0.7048350999999999,0.8919809,1.1246943,0.6813203,0.99082917,1530636674738.086,6,afternoon,0,1530637574738.086,medium,unknown
283,247,False,com.android.providers.downloads,unknown,False,22.01267,0.7746411,1.1748023,-0.07574343,1.2698977999999999,-0.23674086,0.7348589999999999,1530637694738.086,6,evening,0,1530637754738.086,immediate,unknown
284,271,True,com.whatsapp,unknown,False,-9.326128,0.028834837000000002,0.21886632,0.8436969999999999,0.2939384,0.16375802,0.8347549400000001,1530638294738.086,6,evening,0,1530639254738.086,medium,unknown
285,231,True,com.whatsapp,unknown,False,20.369764,0.46594638,0.26487812,-0.7363255,0.34742233,0.12686518,0.38108552,1530639554738.086,6,evening,1,1530639674738.086,short,unknown
286,262,False,io.wia.wia,unknown,False,-4.8458986,-0.78913236,1.8877128,1.4025621,-0.08892198,-0.5164611,0.49583307,1530640094738.086,6,evening,0,1530640334738.086,short,unknown
287,230,False,com.android.providers.downloads,unknown,False,7.666188,-0.06677182,0.7934751999999999,-0.061095767,-0.10814814,-0.25927079999999997,-0.5237501,1530640574738.086,6,evening,0,1530640634738.086,short,unknown
288,308,False,com.whatsapp,unknown,False,3.378154,-0.0349965,0.6647438,0.41642204,0.29669973,-0.1398063,0.29148599999999997,1530640994738.086,6,evening,0,1530642074738.086,medium,unknown
289,314,False,com.android.providers.downloads,unknown,False,24.099943,0.9896670999999999,0.570884,1.0980026999999999,0.19501247,0.2138294,-0.13808355,1530640994738.086,6,evening,0,1530641054738.086,short,unknown
290,278,True,com.whatsapp,unknown,False,-10.074441,-0.026088996000000003,2.0060594,2.4331968,0.29077777,0.43494952000000003,-0.8676296,1530641114738.086,6,evening,0,1530642674738.086,medium,unknown
291,320,False,com.whatsapp,unknown,False,1.1288869,-1.1165129,2.8064134,2.3067503,-0.032520767,-0.41880956,-0.6262052,1530641174738.086,6,evening,0,1530646034738.086,long,unknown
292,277,False,com.whatsapp,unknown,False,20.517595,1.283612,-0.21906462000000002,0.12885067,0.864868,0.0837861,0.3072779,1530641414738.086,6,evening,1,1530641714738.086,short,unknown
293,267,True,com.whatsapp,unknown,False,10.637126,0.23655705000000002,1.1299698,0.5742284999999999,0.5056346700000001,0.025183287000000002,0.040047284,1530642254738.086,6,evening,0,1530644534738.086,long,unknown
294,292,False,com.Slack,unknown,False,-2.4738576,-0.34922102,0.75826925,-0.12173102000000001,-0.19434936,0.22871968,1.2088053,1530642314738.086,6,evening,0,1530643874738.086,medium,unknown
295,246,False,com.facebook.orca,unknown,False,8.724228,0.08791189,1.1132629,0.2738878,0.37075704,-0.42860004,0.38066098,1530642434738.086,6,evening,0,1530642614738.086,short,unknown
296,289,False,com.whatsapp,unknown,False,2.1805303,0.4571463,1.5573644999999998,-0.6727434999999999,0.36144492,0.21679237,1.0720582,1530642674738.086,6,evening,0,1530642914738.086,short,unknown
297,253,False,com.whatsapp,unknown,False,1.5668612,0.7925402500000001,-0.8039968,0.64102054,0.18362461,-0.12024036,0.5704545400000001,1530642854738.086,6,evening,0,1530643814738.086,medium,unknown
298,219,True,com.oneplus.deskclock,unknown,False,-20.794622,1.3709134,1.1279142,0.57958525,0.5019982,-0.0012806691,0.6770111,1530643034738.086,6,evening,0,1530644354738.086,medium,unknown
299,300,False,com.whatsapp,unknown,False,11.736505,0.40107548,0.07035959500000001,-0.90529764,0.6149761,0.20555374,1.8115264,1530643874738.086,6,evening,0,1530644114738.086,short,unknown
300,218,False,com.android.providers.downloads,unknown,False,27.127848,0.47427195,1.0420285,0.12772506,1.2444654,-0.713804,0.031930383,1530644114738.086,6,evening,0,1530644174738.086,short,unknown
301,295,False,com.whatsapp,unknown,False,7.1213775,-1.1104932,1.6584115,2.062786,-0.10284777,-0.34849975,-0.05781642,1530646874738.086,6,evening,0,1530647114738.086,short,unknown
302,260,False,com.facebook.orca,unknown,False,8.107717,-0.6085398,0.24531958,0.024051078,-0.43033776,-0.16006383,0.69943345,1530647174738.086,6,evening,0,1530647954738.086,medium,unknown
303,309,True,com.whatsapp,unknown,False,4.02036,-0.33144367,0.8072439,-0.04281392,-0.09311624,0.1579602,0.49883807,1530647654738.086,6,evening,1,1530647894738.086,short,unknown
304,250,True,com.whatsapp,unknown,False,3.4846187,-0.6151644,0.19549283,0.06777275,-0.28149673000000003,0.097111374,0.6385003,1530648374738.086,6,evening,1,1530650114738.086,medium,unknown
305,251,True,com.whatsapp,unknown,False,-1.3148393999999999,-0.5196678,1.2098609,0.5893186,-0.26786175,0.3002393,-0.18965328,1530648974738.086,6,evening,1,1530649094738.086,short,unknown
306,301,False,com.android.incallui,unknown,False,32.399517,1.446693,-0.44938064,0.23230723,1.0287992,-0.23795053,-0.39529824,1530649214738.086,6,evening,0,1530650714738.086,medium,unknown
307,299,True,com.whatsapp,unknown,False,-17.43907,-0.1557808,1.312034,1.5989518999999999,0.23456459000000002,0.19233672000000002,0.2829404,1530649694738.086,6,evening,0,1530651374738.086,medium,unknown
308,241,False,com.google.android.googlequicksearchbox,unknown,False,19.698992,-0.8107964999999999,0.94135094,0.77764076,-0.9656224999999999,-0.50466496,0.6091426600000001,1530649874738.086,6,evening,0,1530650114738.086,short,unknown
309,312,False,com.whatsapp,unknown,False,-1.8784912,0.90323836,1.0369425,0.7000371,0.52055913,0.4966655,-0.5203857,1530650114738.086,6,evening,0,1530650174738.086,short,unknown
310,268,False,com.facebook.orca,unknown,False,31.034113,-0.019885538,0.0091375485,-0.010099284,-0.5957557,-0.6112588,-0.39310738,1530650714738.086,6,evening,0,1530652214738.086,medium,unknown
311,212,True,com.whatsapp,unknown,False,25.199553,1.5690849,1.1314688,0.8753034,1.2100499,0.27875158,-0.0024286397,1530650954738.086,6,evening,1,1530651254738.086,short,unknown
312,269,False,com.google.android.googlequicksearchbox,unknown,False,7.303548,-0.65450096,1.2990214,0.49287963,0.014564391000000001,-1.1715157,-0.13810506,1530652034738.086,6,evening,0,1530652334738.086,short,unknown
313,239,True,com.whatsapp,unknown,False,6.046318,0.49591288,1.2595501,0.54875565,0.09280096,0.45959082,-0.8680728999999999,1530652274738.086,6,evening,0,1530653594738.086,medium,unknown
314,322,True,com.whatsapp,unknown,False,10.269496,0.18694332,0.6969177,0.022916682,0.012579661,0.08445743,-0.14874041,1530653174738.086,6,evening,0,1530654494738.086,medium,unknown
315,221,False,com.whatsapp,unknown,False,-3.3946507,-0.39226645,1.3446758,0.6352283,-0.017265368,0.45742753,-0.12258914,1530653414738.086,6,evening,0,1530654914738.086,medium,unknown
316,254,False,com.whatsapp,unknown,False,12.269385,0.6519226,0.22465327000000002,-0.3256158,0.8725948,-0.14450383,1.0570773,1530653474738.086,6,evening,-1,1530653594738.086,short,unknown
317,213,False,com.google.android.googlequicksearchbox,unknown,False,18.615295,-0.80664426,1.7611074,0.3622737,-0.33681846,-1.0800482,0.5145820999999999,1530654014738.086,6,evening,0,1530654314738.086,short,unknown
318,205,False,com.whatsapp,unknown,False,-15.036245,2.103366,0.06932305,-0.8806042,1.1156391,-0.04362866,0.102708265,1530654734738.086,6,evening,0,1530654974738.086,short,unknown
319,287,False,com.android.vending,unknown,False,8.44928,-0.33189037,1.4701883,0.17917332,0.28775039999999996,-0.7400146999999999,0.12913439999999998,1530655094738.086,6,evening,-1,1530655154738.086,short,unknown
320,288,False,com.android.providers.downloads,unknown,False,21.860842,0.15724467,0.9196332700000001,0.38470262,0.7425152700000001,0.08704819999999999,-0.6486373,1530655334738.086,6,night,0,1530655514738.086,short,unknown
321,272,False,com.android.providers.downloads,unknown,False,26.533281,-0.10292484,1.3547277,0.40936592,-0.43237939999999997,-0.74371463,0.28598586,1530656054738.086,6,night,-2,1530661574738.086,long,unknown
322,214,False,com.freeletics.lite,unknown,False,34.274563,1.0586224,0.22316915,0.14431697000000002,0.8734915,-0.1952155,0.17962489,1530657854738.086,6,night,-2,1530658154738.086,short,unknown
323,317,False,com.android.providers.downloads,unknown,False,31.786287,-0.47741783,0.87355614,-0.48144305,-0.3174374,0.011771288000000001,-0.40401903,1530659114738.086,6,night,0,1530659234738.086,short,unknown
